entity_id,entity_type,fiware_servicepath,refhome,temperature,time_index,timeinstant
Sensor:001,Sensor,/,, ,1589967126000,1589967126000
Sensor:001,Sensor,/,,20.2,1589967287000,1589967287000
Sensor:001,Sensor,/,,20.4,1589967293000,1589967293000
Sensor:001,Sensor,/,,20.2,1591867493000,1591867493000
Sensor:001,Sensor,/,,23.4,1591867596000,1591867596000
Sensor:001,Sensor,/,,19.98,1591868806000,1591868806000
Sensor:001,Sensor,/,,21.0,1591868886000,1591868886000
Sensor:001,Sensor,/,,25.11,1591868908000,1591868908000
Sensor:001,Sensor,/,,20.25,1591868930000,1591868930000
Sensor:001,Sensor,/,,26.64,1591868952000,1591868952000
Sensor:001,Sensor,/,,23.22,1591868974000,1591868974000
Sensor:001,Sensor,/,,20.46,1591868996000,1591868996000
Sensor:001,Sensor,/,,24.57,1591869018000,1591869018000
Sensor:001,Sensor,/,,23.21,1591869040000,1591869040000
Sensor:001,Sensor,/,,28.09,1591869262000,1591869262000
Sensor:001,Sensor,/,,27.57,1591869463000,1591869463000
Sensor:001,Sensor,/,,24.53,1591869525000,1591869525000
Sensor:001,Sensor,/,,28.76,1591869547000,1591869547000
Sensor:001,Sensor,/,,29.6,1591869569000,1591869569000
Sensor:001,Sensor,/,,24.3,1591869591000,1591869591000
Sensor:001,Sensor,/,,16.98,1591869613000,1591869613000
Sensor:001,Sensor,/,,21.65,1591869635000,1591869635000
Sensor:001,Sensor,/,,28.34,1591869657000,1591869657000
Sensor:001,Sensor,/,,16.01,1591869679000,1591869679000
Sensor:001,Sensor,/,,16.38,1591869701000,1591869701000
Sensor:001,Sensor,/,,25.12,1591869723000,1591869723000
Sensor:001,Sensor,/,,21.87,1591869745000,1591869745000
Sensor:001,Sensor,/,,29.55,1591869767000,1591869767000
Sensor:001,Sensor,/,,28.19,1591869790000,1591869790000
Sensor:001,Sensor,/,,21.93,1591869962000,1591869962000
Sensor:001,Sensor,/,,15.7,1591869993000,1591869993000
Sensor:001,Sensor,/,,21.78,1591870015000,1591870015000
Sensor:001,Sensor,/,,29.41,1591870037000,1591870037000
Sensor:001,Sensor,/,,23.36,1591870059000,1591870059000
Sensor:001,Sensor,/,,28.11,1591870121000,1591870121000
Sensor:001,Sensor,/,,26.69,1591870143000,1591870143000
Sensor:001,Sensor,/,,21.59,1591870165000,1591870165000
Sensor:001,Sensor,/,,19.61,1591870187000,1591870187000
Sensor:001,Sensor,/,,20.92,1591870450000,1591870450000
Sensor:001,Sensor,/,,20.37,1591870512000,1591870512000
Sensor:001,Sensor,/,,16.2,1591870534000,1591870534000
Sensor:001,Sensor,/,,26.87,1591870556000,1591870556000
Sensor:001,Sensor,/,,23.65,1591870578000,1591870578000
Sensor:001,Sensor,/,,24.16,1591870600000,1591870600000
Sensor:001,Sensor,/,,24.06,1591870622000,1591870622000
Sensor:001,Sensor,/,,22.77,1591870644000,1591870644000
Sensor:001,Sensor,/,,23.81,1591870666000,1591870666000
Sensor:001,Sensor,/,,18.66,1591870688000,1591870688000
Sensor:001,Sensor,/,,26.45,1591870710000,1591870710000
Sensor:001,Sensor,/,,20.15,1591870732000,1591870732000
Sensor:001,Sensor,/,,29.57,1591870754000,1591870754000
Sensor:001,Sensor,/,,21.53,1591870776000,1591870776000
Sensor:001,Sensor,/,,29.24,1591870798000,1591870798000
Sensor:001,Sensor,/,,23.58,1591870820000,1591870820000
Sensor:001,Sensor,/,,22.51,1591870842000,1591870842000
Sensor:001,Sensor,/,,21.21,1591870864000,1591870864000
Sensor:001,Sensor,/,,25.09,1591870886000,1591870886000
Sensor:001,Sensor,/,,22.19,1591870909000,1591870909000
Sensor:001,Sensor,/,,21.46,1591870930000,1591870930000
Sensor:001,Sensor,/,,15.47,1591870993000,1591870993000
Sensor:001,Sensor,/,,22.63,1591871015000,1591871015000
Sensor:001,Sensor,/,,26.25,1591871077000,1591871077000
Sensor:001,Sensor,/,,27.74,1591871099000,1591871099000
Sensor:001,Sensor,/,,25.74,1591871121000,1591871121000
Sensor:001,Sensor,/,,28.74,1591871143000,1591871143000
Sensor:001,Sensor,/,,18.47,1591871165000,1591871165000
Sensor:001,Sensor,/,,15.72,1591871187000,1591871187000
Sensor:001,Sensor,/,,15.8,1591871209000,1591871209000
Sensor:001,Sensor,/,,20.41,1591871231000,1591871231000
Sensor:001,Sensor,/,,17.86,1591871253000,1591871253000
Sensor:001,Sensor,/,,27.23,1591871275000,1591871275000
Sensor:001,Sensor,/,,21.1,1591871297000,1591871297000
Sensor:001,Sensor,/,,23.24,1591871319000,1591871319000
Sensor:001,Sensor,/,,29.44,1591871341000,1591871341000
Sensor:001,Sensor,/,,19.37,1591871363000,1591871363000
Sensor:001,Sensor,/,,17.5,1591871385000,1591871385000
Sensor:001,Sensor,/,,25.76,1591871407000,1591871407000
Sensor:001,Sensor,/,,21.76,1591871429000,1591871429000
Sensor:001,Sensor,/,,28.01,1591871451000,1591871451000
Sensor:001,Sensor,/,,24.56,1591871473000,1591871473000
Sensor:001,Sensor,/,,27.72,1591871495000,1591871495000
Sensor:001,Sensor,/,,15.18,1591871517000,1591871517000
Sensor:001,Sensor,/,,28.96,1591871539000,1591871539000
Sensor:001,Sensor,/,,21.14,1591871561000,1591871561000
Sensor:001,Sensor,/,,20.24,1591871583000,1591871583000
Sensor:001,Sensor,/,,17.6,1591871605000,1591871605000
Sensor:001,Sensor,/,,26.96,1591871627000,1591871627000
Sensor:001,Sensor,/,,25.2,1591871649000,1591871649000
Sensor:001,Sensor,/,,18.7,1591871671000,1591871671000
Sensor:001,Sensor,/,,16.41,1591871693000,1591871693000
Sensor:001,Sensor,/,,26.33,1591871715000,1591871715000
Sensor:001,Sensor,/,,29.22,1591871737000,1591871737000
Sensor:001,Sensor,/,,16.48,1591871759000,1591871759000
Sensor:001,Sensor,/,,24.37,1591871781000,1591871781000
Sensor:001,Sensor,/,,20.41,1591871804000,1591871804000
Sensor:001,Sensor,/,,15.45,1591871826000,1591871826000
Sensor:001,Sensor,/,,29.54,1591871848000,1591871848000
Sensor:001,Sensor,/,,16.4,1591871870000,1591871870000
Sensor:001,Sensor,/,,28.69,1591871892000,1591871892000
Sensor:001,Sensor,/,,21.44,1591871954000,1591871954000
Sensor:001,Sensor,/,,27.39,1591871976000,1591871976000
Sensor:001,Sensor,/,,24.35,1591871998000,1591871998000
Sensor:001,Sensor,/,,22.04,1591872020000,1591872020000
Sensor:001,Sensor,/,,27.7,1591872042000,1591872042000
Sensor:001,Sensor,/,,15.03,1591872064000,1591872064000
Sensor:001,Sensor,/,,23.01,1591872086000,1591872086000
Sensor:001,Sensor,/,,21.12,1591872108000,1591872108000
Sensor:001,Sensor,/,,27.63,1591872130000,1591872130000
Sensor:001,Sensor,/,,27.92,1591872152000,1591872152000
Sensor:001,Sensor,/,,19.98,1592041426000,1592041426000
Sensor:001,Sensor,/,,19.98,1592041427000,1592041427000
Sensor:001,Sensor,/,,18.2,1592041448000,1592041448000
Sensor:001,Sensor,/,,19.99,1592041469000,1592041469000
Sensor:001,Sensor,/,,18.61,1592041491000,1592041491000
Sensor:001,Sensor,/,,28.02,1592041511000,1592041511000
Sensor:001,Sensor,/,,17.99,1592041532000,1592041532000
Sensor:001,Sensor,/,,19.81,1592041553000,1592041553000
Sensor:001,Sensor,/,,18.81,1592041574000,1592041574000
Sensor:001,Sensor,/,,28.42,1592041595000,1592041595000
Sensor:001,Sensor,/,,29.75,1592041616000,1592041616000
Sensor:001,Sensor,/,,24.62,1592041637000,1592041637000
Sensor:001,Sensor,/,,22.04,1592041658000,1592041658000
Sensor:001,Sensor,/,,17.91,1592041679000,1592041679000
Sensor:001,Sensor,/,,29.81,1592041700000,1592041700000
Sensor:001,Sensor,/,,18.36,1592041721000,1592041721000
Sensor:001,Sensor,/,,28.24,1592041742000,1592041742000
Sensor:001,Sensor,/,,15.77,1592041763000,1592041763000
Sensor:001,Sensor,/,,30.0,1592041784000,1592041784000
Sensor:001,Sensor,/,,29.4,1592041838000,1592041838000
Sensor:001,Sensor,/,,29.4,1592041839000,1592041839000
Sensor:001,Sensor,/,,29.2,1592041878000,1592041878000
Sensor:001,Sensor,/,,29.2,1592041879000,1592041879000
Sensor:001,Sensor,/,,30.0,1592041900000,1592041900000
Sensor:001,Sensor,/,,28.6,1592041922000,1592041922000
Sensor:001,Sensor,/,,17.0,1592041942000,1592041942000
Sensor:001,Sensor,/,,20.2,1592041963000,1592041963000
Sensor:001,Sensor,/,,18.9,1592041985000,1592041985000
Sensor:001,Sensor,/,,22.0,1592042005000,1592042005000
Sensor:001,Sensor,/,,26.7,1592042026000,1592042026000
Sensor:001,Sensor,/,,22.1,1592042047000,1592042047000
Sensor:001,Sensor,/,,28.9,1592042068000,1592042068000
Sensor:001,Sensor,/,,26.4,1592042089000,1592042089000
Sensor:001,Sensor,/,,27.5,1592042111000,1592042111000
Sensor:001,Sensor,/,,18.3,1592042132000,1592042132000
Sensor:001,Sensor,/,,22.7,1592042152000,1592042152000
Sensor:001,Sensor,/,,15.4,1592042174000,1592042174000
Sensor:001,Sensor,/,,28.0,1592042195000,1592042195000
Sensor:001,Sensor,/,,26.8,1592042216000,1592042216000
Sensor:001,Sensor,/,,23.4,1592042237000,1592042237000
Sensor:001,Sensor,/,,29.1,1592042258000,1592042258000
Sensor:001,Sensor,/,,15.7,1592042279000,1592042279000
Sensor:001,Sensor,/,,16.3,1592042300000,1592042300000
Sensor:001,Sensor,/,,16.3,1592042301000,1592042301000
Sensor:001,Sensor,/,,18.8,1592042322000,1592042322000
Sensor:001,Sensor,/,,24.5,1592042343000,1592042343000
Sensor:001,Sensor,/,,27.2,1592042364000,1592042364000
Sensor:001,Sensor,/,,26.2,1592042385000,1592042385000
Sensor:001,Sensor,/,,20.0,1592042406000,1592042406000
Sensor:001,Sensor,/,,24.5,1592042427000,1592042427000
Sensor:001,Sensor,/,,25.5,1592042448000,1592042448000
Sensor:001,Sensor,/,,25.6,1592042469000,1592042469000
Sensor:001,Sensor,/,,28.1,1592042490000,1592042490000
Sensor:001,Sensor,/,,19.5,1592042511000,1592042511000
Sensor:001,Sensor,/,,20.3,1592042532000,1592042532000
Sensor:001,Sensor,/,,23.2,1592042553000,1592042553000
Sensor:001,Sensor,/,,18.3,1592042574000,1592042574000
Sensor:001,Sensor,/,,22.5,1592042595000,1592042595000
Sensor:001,Sensor,/,,20.6,1592042616000,1592042616000
Sensor:001,Sensor,/,,27.3,1592042637000,1592042637000
Sensor:001,Sensor,/,,27.7,1592042658000,1592042658000
Sensor:001,Sensor,/,,16.9,1592042679000,1592042679000
Sensor:001,Sensor,/,,20.3,1592042700000,1592042700000
Sensor:001,Sensor,/,,18.4,1592042721000,1592042721000
Sensor:001,Sensor,/,,26.4,1592042742000,1592042742000
Sensor:001,Sensor,/,,27.4,1592042763000,1592042763000
Sensor:001,Sensor,/,,20.1,1592042784000,1592042784000
Sensor:001,Sensor,/,,27.3,1592042805000,1592042805000
Sensor:001,Sensor,/,,15.4,1592042826000,1592042826000
Sensor:001,Sensor,/,,23.2,1592042847000,1592042847000
Sensor:001,Sensor,/,,29.5,1592042868000,1592042868000
Sensor:001,Sensor,/,,19.1,1592042889000,1592042889000
Sensor:001,Sensor,/,,29.6,1592042910000,1592042910000
Sensor:001,Sensor,/,,28.1,1592042931000,1592042931000
Sensor:001,Sensor,/,,16.0,1592042952000,1592042952000
Sensor:001,Sensor,/,,29.2,1592042973000,1592042973000
Sensor:001,Sensor,/,,26.9,1592042994000,1592042994000
Sensor:001,Sensor,/,,27.1,1592043015000,1592043015000
Sensor:001,Sensor,/,,21.2,1592043036000,1592043036000
Sensor:001,Sensor,/,,22.7,1592043057000,1592043057000
Sensor:001,Sensor,/,,22.3,1592043078000,1592043078000
Sensor:001,Sensor,/,,18.9,1592043099000,1592043099000
Sensor:001,Sensor,/,,17.6,1592043120000,1592043120000
Sensor:001,Sensor,/,,15.3,1592043141000,1592043141000
Sensor:001,Sensor,/,,16.4,1592043162000,1592043162000
Sensor:001,Sensor,/,,15.3,1592043183000,1592043183000
Sensor:001,Sensor,/,,29.9,1592043204000,1592043204000
Sensor:001,Sensor,/,,29.7,1592043225000,1592043225000
Sensor:001,Sensor,/,,24.4,1592043246000,1592043246000
Sensor:001,Sensor,/,,19.0,1592043267000,1592043267000
Sensor:001,Sensor,/,,17.2,1592043288000,1592043288000
Sensor:001,Sensor,/,,22.9,1592043309000,1592043309000
Sensor:001,Sensor,/,,27.7,1592043330000,1592043330000
Sensor:001,Sensor,/,,28.3,1592043351000,1592043351000
Sensor:001,Sensor,/,,23.0,1592043372000,1592043372000
Sensor:001,Sensor,/,,27.8,1592043393000,1592043393000
Sensor:001,Sensor,/,,24.8,1592043414000,1592043414000
Sensor:001,Sensor,/,,20.9,1592043436000,1592043436000
Sensor:001,Sensor,/,,26.5,1592043456000,1592043456000
Sensor:001,Sensor,/,,20.9,1592043477000,1592043477000
Sensor:001,Sensor,/,,27.3,1592043498000,1592043498000
Sensor:001,Sensor,/,,17.9,1592043519000,1592043519000
Sensor:001,Sensor,/,,25.8,1592043540000,1592043540000
Sensor:001,Sensor,/,,27.4,1592043561000,1592043561000
Sensor:001,Sensor,/,,25.9,1592043582000,1592043582000
Sensor:001,Sensor,/,,19.7,1592043603000,1592043603000
Sensor:001,Sensor,/,,23.5,1592043624000,1592043624000
Sensor:001,Sensor,/,,22.4,1592043645000,1592043645000
Sensor:001,Sensor,/,,19.7,1592043667000,1592043667000
Sensor:001,Sensor,/,,21.6,1592043688000,1592043688000
Sensor:001,Sensor,/,,26.4,1592043709000,1592043709000
Sensor:001,Sensor,/,,18.6,1592043730000,1592043730000
Sensor:001,Sensor,/,,18.1,1592043751000,1592043751000
Sensor:001,Sensor,/,,15.8,1592043772000,1592043772000
Sensor:001,Sensor,/,,22.8,1592043793000,1592043793000
Sensor:001,Sensor,/,,19.0,1592043814000,1592043814000
Sensor:001,Sensor,/,,19.7,1592043835000,1592043835000
Sensor:001,Sensor,/,,20.2,1592043856000,1592043856000
Sensor:001,Sensor,/,,25.8,1592043877000,1592043877000
Sensor:001,Sensor,/,,28.9,1592043898000,1592043898000
Sensor:001,Sensor,/,,18.6,1592043919000,1592043919000
Sensor:001,Sensor,/,,26.0,1592043940000,1592043940000
Sensor:001,Sensor,/,,26.4,1592043961000,1592043961000
Sensor:001,Sensor,/,,16.9,1592043982000,1592043982000
Sensor:001,Sensor,/,,29.9,1592044003000,1592044003000
Sensor:001,Sensor,/,,17.0,1592044024000,1592044024000
Sensor:001,Sensor,/,,18.4,1592044045000,1592044045000
Sensor:001,Sensor,/,,22.4,1592044066000,1592044066000
Sensor:001,Sensor,/,,27.8,1592044087000,1592044087000
Sensor:001,Sensor,/,,19.7,1592044108000,1592044108000
Sensor:001,Sensor,/,,17.7,1592044129000,1592044129000
Sensor:001,Sensor,/,,29.4,1592044150000,1592044150000
Sensor:001,Sensor,/,,24.5,1592044171000,1592044171000
Sensor:001,Sensor,/,,27.0,1592044192000,1592044192000
Sensor:001,Sensor,/,,27.0,1592044193000,1592044193000
Sensor:001,Sensor,/,,15.5,1592044214000,1592044214000
Sensor:001,Sensor,/,,27.7,1592044235000,1592044235000
Sensor:001,Sensor,/,,28.3,1592044256000,1592044256000
Sensor:001,Sensor,/,,24.7,1592044277000,1592044277000
Sensor:001,Sensor,/,,15.2,1592044298000,1592044298000
Sensor:001,Sensor,/,,22.6,1592044319000,1592044319000
Sensor:001,Sensor,/,,23.7,1592044340000,1592044340000
Sensor:001,Sensor,/,,24.5,1592044361000,1592044361000
Sensor:001,Sensor,/,,21.0,1592044382000,1592044382000
Sensor:001,Sensor,/,,23.9,1592044403000,1592044403000
Sensor:001,Sensor,/,,16.6,1592044424000,1592044424000
Sensor:001,Sensor,/,,27.4,1592044445000,1592044445000
Sensor:001,Sensor,/,,22.2,1592044466000,1592044466000
Sensor:001,Sensor,/,,22.9,1592044487000,1592044487000
Sensor:001,Sensor,/,,21.2,1592044508000,1592044508000
Sensor:001,Sensor,/,,22.4,1592044529000,1592044529000
Sensor:001,Sensor,/,,16.8,1592044550000,1592044550000
Sensor:001,Sensor,/,,20.8,1592044571000,1592044571000
Sensor:001,Sensor,/,,27.4,1592044592000,1592044592000
Sensor:001,Sensor,/,,21.8,1592044613000,1592044613000
Sensor:001,Sensor,/,,26.1,1592044634000,1592044634000
Sensor:001,Sensor,/,,26.1,1592044655000,1592044655000
Sensor:001,Sensor,/,,24.6,1592044676000,1592044676000
Sensor:001,Sensor,/,,27.8,1592044697000,1592044697000
Sensor:001,Sensor,/,,25.7,1592044718000,1592044718000
Sensor:001,Sensor,/,,19.8,1592044739000,1592044739000
Sensor:001,Sensor,/,,15.1,1592044760000,1592044760000
Sensor:001,Sensor,/,,29.2,1592044781000,1592044781000
Sensor:001,Sensor,/,,20.8,1592044802000,1592044802000
Sensor:001,Sensor,/,,16.5,1592044823000,1592044823000
Sensor:001,Sensor,/,,22.1,1592044844000,1592044844000
Sensor:001,Sensor,/,,28.0,1592044865000,1592044865000
Sensor:001,Sensor,/,,17.5,1592044886000,1592044886000
Sensor:001,Sensor,/,,17.8,1592044907000,1592044907000
Sensor:001,Sensor,/,,28.7,1592044928000,1592044928000
Sensor:001,Sensor,/,,22.0,1592044949000,1592044949000
Sensor:001,Sensor,/,,27.6,1592044970000,1592044970000
Sensor:001,Sensor,/,,28.5,1592044991000,1592044991000
Sensor:001,Sensor,/,,22.7,1592045012000,1592045012000
Sensor:001,Sensor,/,,20.7,1592045033000,1592045033000
Sensor:001,Sensor,/,,19.9,1592045055000,1592045055000
Sensor:001,Sensor,/,,19.4,1592045075000,1592045075000
Sensor:001,Sensor,/,,25.6,1592045097000,1592045097000
Sensor:001,Sensor,/,,15.7,1592045117000,1592045117000
Sensor:001,Sensor,/,,20.7,1592045138000,1592045138000
Sensor:001,Sensor,/,,17.4,1592045159000,1592045159000
Sensor:001,Sensor,/,,28.3,1592045180000,1592045180000
Sensor:001,Sensor,/,,18.7,1592045202000,1592045202000
Sensor:001,Sensor,/,,16.1,1592045223000,1592045223000
Sensor:001,Sensor,/,,19.3,1592045244000,1592045244000
Sensor:001,Sensor,/,,26.0,1592045265000,1592045265000
Sensor:001,Sensor,/,,29.8,1592045286000,1592045286000
Sensor:001,Sensor,/,,23.1,1592045307000,1592045307000
Sensor:001,Sensor,/,,24.8,1592045328000,1592045328000
Sensor:001,Sensor,/,,21.6,1592045349000,1592045349000
Sensor:001,Sensor,/,,20.7,1592045370000,1592045370000
Sensor:001,Sensor,/,,22.8,1592045391000,1592045391000
Sensor:001,Sensor,/,,18.0,1592045412000,1592045412000
Sensor:001,Sensor,/,,15.4,1592045433000,1592045433000
Sensor:001,Sensor,/,,19.3,1592045454000,1592045454000
Sensor:001,Sensor,/,,18.5,1592045475000,1592045475000
Sensor:001,Sensor,/,,18.8,1592045496000,1592045496000
Sensor:001,Sensor,/,,15.7,1592045517000,1592045517000
Sensor:001,Sensor,/,,27.7,1592045538000,1592045538000
Sensor:001,Sensor,/,,16.2,1592045559000,1592045559000
Sensor:001,Sensor,/,,18.2,1592045580000,1592045580000
Sensor:001,Sensor,/,,28.3,1592045601000,1592045601000
Sensor:001,Sensor,/,,20.1,1592045622000,1592045622000
Sensor:001,Sensor,/,,27.8,1592045643000,1592045643000
Sensor:001,Sensor,/,,26.1,1592045664000,1592045664000
Sensor:001,Sensor,/,,29.0,1592045685000,1592045685000
Sensor:001,Sensor,/,,22.6,1592045706000,1592045706000
Sensor:001,Sensor,/,,15.4,1592045727000,1592045727000
Sensor:001,Sensor,/,,28.5,1592045748000,1592045748000
Sensor:001,Sensor,/,,17.7,1592045769000,1592045769000
Sensor:001,Sensor,/,,28.2,1592045790000,1592045790000
Sensor:001,Sensor,/,,28.2,1592045791000,1592045791000
Sensor:001,Sensor,/,,20.3,1592045812000,1592045812000
Sensor:001,Sensor,/,,24.1,1592045833000,1592045833000
Sensor:001,Sensor,/,,26.7,1592045854000,1592045854000
Sensor:001,Sensor,/,,23.2,1592045875000,1592045875000
Sensor:001,Sensor,/,,21.6,1592045896000,1592045896000
Sensor:001,Sensor,/,,20.7,1592045917000,1592045917000
Sensor:001,Sensor,/,,24.2,1592045959000,1592045959000
Sensor:001,Sensor,/,,20.6,1592045980000,1592045980000
Sensor:001,Sensor,/,,16.9,1592046001000,1592046001000
Sensor:001,Sensor,/,,27.7,1592046022000,1592046022000
Sensor:001,Sensor,/,,18.8,1592046043000,1592046043000
Sensor:001,Sensor,/,,29.0,1592046064000,1592046064000
Sensor:001,Sensor,/,,19.7,1592046085000,1592046085000
Sensor:001,Sensor,/,,15.9,1592046107000,1592046107000
Sensor:001,Sensor,/,,17.7,1592046127000,1592046127000
Sensor:001,Sensor,/,,19.9,1592046148000,1592046148000
Sensor:001,Sensor,/,,21.8,1592046169000,1592046169000
Sensor:001,Sensor,/,,22.7,1592046190000,1592046190000
Sensor:001,Sensor,/,,24.9,1592046211000,1592046211000
Sensor:001,Sensor,/,,25.5,1592046232000,1592046232000
Sensor:001,Sensor,/,,16.9,1592046253000,1592046253000
Sensor:001,Sensor,/,,27.8,1592046274000,1592046274000
Sensor:001,Sensor,/,,27.1,1592046295000,1592046295000
Sensor:001,Sensor,/,,16.1,1592046316000,1592046316000
Sensor:001,Sensor,/,,28.0,1592046337000,1592046337000
Sensor:001,Sensor,/,,18.5,1592046358000,1592046358000
Sensor:001,Sensor,/,,28.1,1592046379000,1592046379000
Sensor:001,Sensor,/,,23.3,1592046400000,1592046400000
Sensor:001,Sensor,/,,29.5,1592046421000,1592046421000
Sensor:001,Sensor,/,,26.2,1592046442000,1592046442000
Sensor:001,Sensor,/,,20.3,1592046463000,1592046463000
Sensor:001,Sensor,/,,22.5,1592046484000,1592046484000
Sensor:001,Sensor,/,,24.8,1592046505000,1592046505000
Sensor:001,Sensor,/,,17.0,1592046526000,1592046526000
Sensor:001,Sensor,/,,23.5,1592046548000,1592046548000
Sensor:001,Sensor,/,,16.0,1592046568000,1592046568000
Sensor:001,Sensor,/,,28.9,1592046589000,1592046589000
Sensor:001,Sensor,/,,17.6,1592046610000,1592046610000
Sensor:001,Sensor,/,,22.0,1592046631000,1592046631000
Sensor:001,Sensor,/,,21.7,1592046652000,1592046652000
Sensor:001,Sensor,/,,18.7,1592046673000,1592046673000
Sensor:001,Sensor,/,,15.2,1592046695000,1592046695000
Sensor:001,Sensor,/,,28.2,1592046715000,1592046715000
Sensor:001,Sensor,/,,26.5,1592046737000,1592046737000
Sensor:001,Sensor,/,,20.9,1592046758000,1592046758000
Sensor:001,Sensor,/,,28.9,1592046779000,1592046779000
Sensor:001,Sensor,/,,inf,1592046795000,1592046795000
Sensor:001,Sensor,/,,25.4,1592046800000,1592046800000
Sensor:001,Sensor,/,,23.9,1592046821000,1592046821000
Sensor:001,Sensor,/,,23.3,1592046842000,1592046842000
Sensor:001,Sensor,/,,19.8,1592046863000,1592046863000
Sensor:001,Sensor,/,,19.8,1592046864000,1592046864000
Sensor:001,Sensor,/,,29.6,1592046885000,1592046885000
Sensor:001,Sensor,/,,21.7,1592046906000,1592046906000
Sensor:001,Sensor,/,,23.5,1592046927000,1592046927000
Sensor:001,Sensor,/,,26.5,1592046948000,1592046948000
Sensor:001,Sensor,/,,15.9,1592046969000,1592046969000
Sensor:001,Sensor,/,,15.5,1592046990000,1592046990000
Sensor:001,Sensor,/,,17.7,1592047011000,1592047011000
Sensor:001,Sensor,/,,16.3,1592047032000,1592047032000
Sensor:001,Sensor,/,,19.8,1592047053000,1592047053000
Sensor:001,Sensor,/,,28.6,1592047074000,1592047074000
Sensor:001,Sensor,/,,19.8,1592047095000,1592047095000
Sensor:001,Sensor,/,,24.2,1592047116000,1592047116000
Sensor:001,Sensor,/,,19.6,1592047137000,1592047137000
Sensor:001,Sensor,/,,18.5,1592047158000,1592047158000
Sensor:001,Sensor,/,,21.2,1592047179000,1592047179000
Sensor:001,Sensor,/,,19.2,1592047200000,1592047200000
Sensor:001,Sensor,/,,21.5,1592047221000,1592047221000
Sensor:001,Sensor,/,,29.9,1592047242000,1592047242000
Sensor:001,Sensor,/,,19.6,1592047263000,1592047263000
Sensor:001,Sensor,/,,16.2,1592047284000,1592047284000
Sensor:001,Sensor,/,,19.4,1592047305000,1592047305000
Sensor:001,Sensor,/,,21.4,1592047326000,1592047326000
Sensor:001,Sensor,/,,27.9,1592047347000,1592047347000
Sensor:001,Sensor,/,,28.3,1592047368000,1592047368000
Sensor:001,Sensor,/,,19.9,1592047389000,1592047389000
Sensor:001,Sensor,/,,21.1,1592047410000,1592047410000
Sensor:001,Sensor,/,,29.4,1592047431000,1592047431000
Sensor:001,Sensor,/,,15.6,1592047452000,1592047452000
Sensor:001,Sensor,/,,23.3,1592047473000,1592047473000
Sensor:001,Sensor,/,,20.6,1592047494000,1592047494000
Sensor:001,Sensor,/,,15.6,1592047515000,1592047515000
Sensor:001,Sensor,/,,17.9,1592047536000,1592047536000
Sensor:001,Sensor,/,,22.1,1592047557000,1592047557000
Sensor:001,Sensor,/,,16.9,1592047578000,1592047578000
Sensor:001,Sensor,/,,15.9,1592047599000,1592047599000
Sensor:001,Sensor,/,,18.1,1592047620000,1592047620000
Sensor:001,Sensor,/,,17.0,1592047641000,1592047641000
Sensor:001,Sensor,/,,19.3,1592047662000,1592047662000
Sensor:001,Sensor,/,,24.6,1592047683000,1592047683000
Sensor:001,Sensor,/,,15.9,1592047704000,1592047704000
Sensor:001,Sensor,/,,17.5,1592047725000,1592047725000
Sensor:001,Sensor,/,,29.4,1592047749000,1592047749000
Sensor:001,Sensor,/,,22.1,1592047767000,1592047767000
Sensor:001,Sensor,/,,23.1,1592047788000,1592047788000
Sensor:001,Sensor,/,,20.6,1592047809000,1592047809000
Sensor:001,Sensor,/,,18.6,1592047830000,1592047830000
Sensor:001,Sensor,/,,20.8,1592047851000,1592047851000
Sensor:001,Sensor,/,,25.4,1592047872000,1592047872000
Sensor:001,Sensor,/,,24.6,1592047893000,1592047893000
Sensor:001,Sensor,/,,24.9,1592047914000,1592047914000
Sensor:001,Sensor,/,,27.8,1592047935000,1592047935000
Sensor:001,Sensor,/,,23.3,1592047956000,1592047956000
Sensor:001,Sensor,/,,23.3,1592047977000,1592047977000
Sensor:001,Sensor,/,,20.0,1592047998000,1592047998000
Sensor:001,Sensor,/,,15.7,1592048019000,1592048019000
Sensor:001,Sensor,/,,19.5,1592048040000,1592048040000
Sensor:001,Sensor,/,,27.2,1592048061000,1592048061000
Sensor:001,Sensor,/,,29.6,1592048082000,1592048082000
Sensor:001,Sensor,/,,17.7,1592048103000,1592048103000
Sensor:001,Sensor,/,,24.0,1592048124000,1592048124000
Sensor:001,Sensor,/,,24.2,1592048145000,1592048145000
Sensor:001,Sensor,/,,15.4,1592048166000,1592048166000
Sensor:001,Sensor,/,,29.4,1592048187000,1592048187000
Sensor:001,Sensor,/,,17.0,1592048208000,1592048208000
Sensor:001,Sensor,/,,29.3,1592048229000,1592048229000
Sensor:001,Sensor,/,,24.3,1592048251000,1592048251000
Sensor:001,Sensor,/,,18.4,1592048272000,1592048272000
Sensor:001,Sensor,/,,25.6,1592048293000,1592048293000
Sensor:001,Sensor,/,,26.2,1592048314000,1592048314000
Sensor:001,Sensor,/,,28.1,1592048335000,1592048335000
Sensor:001,Sensor,/,,27.2,1592048356000,1592048356000
Sensor:001,Sensor,/,,29.0,1592048377000,1592048377000
Sensor:001,Sensor,/,,25.7,1592048398000,1592048398000
Sensor:001,Sensor,/,,19.7,1592048419000,1592048419000
Sensor:001,Sensor,/,,16.3,1592048440000,1592048440000
Sensor:001,Sensor,/,,22.6,1592048461000,1592048461000
Sensor:001,Sensor,/,,30.0,1592048482000,1592048482000
Sensor:001,Sensor,/,,17.5,1592048503000,1592048503000
Sensor:001,Sensor,/,,25.4,1592048524000,1592048524000
Sensor:001,Sensor,/,,15.6,1592048545000,1592048545000
Sensor:001,Sensor,/,,22.3,1592048566000,1592048566000
Sensor:001,Sensor,/,,28.0,1592048587000,1592048587000
Sensor:001,Sensor,/,,21.7,1592048608000,1592048608000
Sensor:001,Sensor,/,,20.3,1592048629000,1592048629000
Sensor:001,Sensor,/,,27.9,1592048650000,1592048650000
Sensor:001,Sensor,/,,19.2,1592048671000,1592048671000
Sensor:001,Sensor,/,,15.7,1592048692000,1592048692000
Sensor:001,Sensor,/,,20.7,1592048713000,1592048713000
Sensor:001,Sensor,/,,22.5,1592048734000,1592048734000
Sensor:001,Sensor,/,,21.8,1592048755000,1592048755000
Sensor:001,Sensor,/,,28.6,1592048776000,1592048776000
Sensor:001,Sensor,/,,16.7,1592048797000,1592048797000
Sensor:001,Sensor,/,,26.8,1592048818000,1592048818000
Sensor:001,Sensor,/,,22.2,1592048839000,1592048839000
Sensor:001,Sensor,/,,23.7,1592048860000,1592048860000
Sensor:001,Sensor,/,,15.6,1592048881000,1592048881000
Sensor:001,Sensor,/,,15.6,1592048882000,1592048882000
Sensor:001,Sensor,/,,22.2,1592048903000,1592048903000
Sensor:001,Sensor,/,,15.8,1592048924000,1592048924000
Sensor:001,Sensor,/,,28.2,1592048945000,1592048945000
Sensor:001,Sensor,/,,17.1,1592048966000,1592048966000
Sensor:001,Sensor,/,,24.1,1592048987000,1592048987000
Sensor:001,Sensor,/,,23.6,1592049008000,1592049008000
Sensor:001,Sensor,/,,22.2,1592049029000,1592049029000
Sensor:001,Sensor,/,,20.5,1592049050000,1592049050000
Sensor:001,Sensor,/,,27.8,1592049071000,1592049071000
Sensor:001,Sensor,/,,22.5,1592049092000,1592049092000
Sensor:001,Sensor,/,,19.7,1592049113000,1592049113000
Sensor:001,Sensor,/,,18.5,1592049134000,1592049134000
Sensor:001,Sensor,/,,28.5,1592049155000,1592049155000
Sensor:001,Sensor,/,,16.2,1592049176000,1592049176000
Sensor:001,Sensor,/,,20.0,1592049197000,1592049197000
Sensor:001,Sensor,/,,19.2,1592049218000,1592049218000
Sensor:001,Sensor,/,,26.7,1592049239000,1592049239000
Sensor:001,Sensor,/,,27.8,1592049260000,1592049260000
Sensor:001,Sensor,/,,28.1,1592049281000,1592049281000
Sensor:001,Sensor,/,,18.9,1592049302000,1592049302000
Sensor:001,Sensor,/,,15.8,1592049323000,1592049323000
Sensor:001,Sensor,/,,18.1,1592049344000,1592049344000
Sensor:001,Sensor,/,,22.9,1592049365000,1592049365000
Sensor:001,Sensor,/,,21.5,1592049386000,1592049386000
Sensor:001,Sensor,/,,16.4,1592049408000,1592049408000
Sensor:001,Sensor,/,,26.9,1592049428000,1592049428000
Sensor:001,Sensor,/,,18.6,1592049449000,1592049449000
Sensor:001,Sensor,/,,26.6,1592049470000,1592049470000
Sensor:001,Sensor,/,,15.4,1592049491000,1592049491000
Sensor:001,Sensor,/,,28.6,1592049512000,1592049512000
Sensor:001,Sensor,/,,15.2,1592049533000,1592049533000
Sensor:001,Sensor,/,,21.7,1592049554000,1592049554000
Sensor:001,Sensor,/,,27.2,1592049575000,1592049575000
Sensor:001,Sensor,/,,29.7,1592049596000,1592049596000
Sensor:001,Sensor,/,,19.9,1592049617000,1592049617000
Sensor:001,Sensor,/,,19.8,1592049638000,1592049638000
Sensor:001,Sensor,/,,29.4,1592049659000,1592049659000
Sensor:001,Sensor,/,,29.1,1592049680000,1592049680000
Sensor:001,Sensor,/,,27.2,1592049701000,1592049701000
Sensor:001,Sensor,/,,20.5,1592049722000,1592049722000
Sensor:001,Sensor,/,,24.0,1592049744000,1592049744000
Sensor:001,Sensor,/,,20.3,1592049765000,1592049765000
Sensor:001,Sensor,/,,24.0,1592049786000,1592049786000
Sensor:001,Sensor,/,,23.0,1592049807000,1592049807000
Sensor:001,Sensor,/,,19.7,1592049828000,1592049828000
Sensor:001,Sensor,/,,18.2,1592049849000,1592049849000
Sensor:001,Sensor,/,,23.1,1592049870000,1592049870000
Sensor:001,Sensor,/,,18.0,1592049891000,1592049891000
Sensor:001,Sensor,/,,20.1,1592049912000,1592049912000
Sensor:001,Sensor,/,,26.6,1592049933000,1592049933000
Sensor:001,Sensor,/,,26.6,1592049934000,1592049934000
Sensor:001,Sensor,/,,22.4,1592049955000,1592049955000
Sensor:001,Sensor,/,,20.8,1592049976000,1592049976000
Sensor:001,Sensor,/,,29.6,1592049997000,1592049997000
Sensor:001,Sensor,/,,27.3,1592050018000,1592050018000
Sensor:001,Sensor,/,,25.8,1592050039000,1592050039000
Sensor:001,Sensor,/,,15.8,1592050060000,1592050060000
Sensor:001,Sensor,/,,29.3,1592050081000,1592050081000
Sensor:001,Sensor,/,,22.1,1592050102000,1592050102000
Sensor:001,Sensor,/,,23.3,1592050123000,1592050123000
Sensor:001,Sensor,/,,18.6,1592050144000,1592050144000
Sensor:001,Sensor,/,,29.4,1592050165000,1592050165000
Sensor:001,Sensor,/,,18.5,1592050186000,1592050186000
Sensor:001,Sensor,/,,19.7,1592050207000,1592050207000
Sensor:001,Sensor,/,,22.9,1592050228000,1592050228000
Sensor:001,Sensor,/,,28.4,1592050249000,1592050249000
Sensor:001,Sensor,/,,24.4,1592050270000,1592050270000
Sensor:001,Sensor,/,,18.1,1592050291000,1592050291000
Sensor:001,Sensor,/,,18.1,1592050292000,1592050292000
Sensor:001,Sensor,/,,22.9,1592050313000,1592050313000
Sensor:001,Sensor,/,,25.9,1592050334000,1592050334000
Sensor:001,Sensor,/,,22.0,1592050355000,1592050355000
Sensor:001,Sensor,/,,21.3,1592050376000,1592050376000
Sensor:001,Sensor,/,,26.6,1592050397000,1592050397000
Sensor:001,Sensor,/,,17.9,1592050418000,1592050418000
Sensor:001,Sensor,/,,21.5,1592050439000,1592050439000
Sensor:001,Sensor,/,,25.2,1592050460000,1592050460000
Sensor:001,Sensor,/,,17.7,1592050481000,1592050481000
Sensor:001,Sensor,/,,-inf,1592050495000,1592050495000
Sensor:001,Sensor,/,,23.3,1592050502000,1592050502000
Sensor:001,Sensor,/,,29.7,1592050523000,1592050523000
Sensor:001,Sensor,/,,20.9,1592050544000,1592050544000
Sensor:001,Sensor,/,,20.1,1592050565000,1592050565000
Sensor:001,Sensor,/,,29.4,1592050586000,1592050586000
Sensor:001,Sensor,/,,17.4,1592050607000,1592050607000
Sensor:001,Sensor,/,,21.2,1592050628000,1592050628000
Sensor:001,Sensor,/,,24.5,1592050649000,1592050649000
Sensor:001,Sensor,/,,23.0,1592050670000,1592050670000
Sensor:001,Sensor,/,,16.5,1592050691000,1592050691000
Sensor:001,Sensor,/,,17.9,1592050712000,1592050712000
Sensor:001,Sensor,/,,28.2,1592050733000,1592050733000
Sensor:001,Sensor,/,,20.4,1592050754000,1592050754000
Sensor:001,Sensor,/,,27.6,1592050775000,1592050775000
Sensor:001,Sensor,/,,22.9,1592050796000,1592050796000
Sensor:001,Sensor,/,,19.9,1592050817000,1592050817000
Sensor:001,Sensor,/,,15.5,1592050838000,1592050838000
Sensor:001,Sensor,/,,23.3,1592050859000,1592050859000
Sensor:001,Sensor,/,,15.5,1592050880000,1592050880000
Sensor:001,Sensor,/,,26.9,1592050901000,1592050901000
Sensor:001,Sensor,/,,15.6,1592050922000,1592050922000
Sensor:001,Sensor,/,,23.2,1592050943000,1592050943000
Sensor:001,Sensor,/,,20.6,1592050964000,1592050964000
Sensor:001,Sensor,/,,23.2,1592050985000,1592050985000
Sensor:001,Sensor,/,,23.3,1592051006000,1592051006000
Sensor:001,Sensor,/,,22.8,1592051027000,1592051027000
Sensor:001,Sensor,/,,29.3,1592051048000,1592051048000
Sensor:001,Sensor,/,,20.4,1592051069000,1592051069000
Sensor:001,Sensor,/,,15.1,1592051090000,1592051090000
Sensor:001,Sensor,/,,20.5,1592051111000,1592051111000
Sensor:001,Sensor,/,,25.8,1592051132000,1592051132000
Sensor:001,Sensor,/,,25.6,1592051153000,1592051153000
Sensor:001,Sensor,/,,21.4,1592051174000,1592051174000
Sensor:001,Sensor,/,,21.0,1592051195000,1592051195000
Sensor:001,Sensor,/,,22.2,1592051216000,1592051216000
Sensor:001,Sensor,/,,23.6,1592051238000,1592051238000
Sensor:001,Sensor,/,,16.3,1592051258000,1592051258000
Sensor:001,Sensor,/,,29.8,1592051280000,1592051280000
Sensor:001,Sensor,/,,26.9,1592051301000,1592051301000
Sensor:001,Sensor,/,,17.9,1592051322000,1592051322000
Sensor:001,Sensor,/,,27.7,1592051343000,1592051343000
Sensor:001,Sensor,/,,28.1,1592051364000,1592051364000
Sensor:001,Sensor,/,,20.8,1592051385000,1592051385000
Sensor:001,Sensor,/,,21.5,1592051406000,1592051406000
Sensor:001,Sensor,/,,29.3,1592051427000,1592051427000
Sensor:001,Sensor,/,,29.2,1592051448000,1592051448000
Sensor:001,Sensor,/,,22.2,1592051469000,1592051469000
Sensor:001,Sensor,/,,25.9,1592051490000,1592051490000
Sensor:001,Sensor,/,,22.1,1592051511000,1592051511000
Sensor:001,Sensor,/,,29.4,1592051532000,1592051532000
Sensor:001,Sensor,/,,29.0,1592051553000,1592051553000
Sensor:001,Sensor,/,,26.9,1592051574000,1592051574000
Sensor:001,Sensor,/,,24.0,1592051595000,1592051595000
Sensor:001,Sensor,/,,16.4,1592051616000,1592051616000
Sensor:001,Sensor,/,,19.2,1592051637000,1592051637000
Sensor:001,Sensor,/,,22.2,1592051658000,1592051658000
Sensor:001,Sensor,/,,23.7,1592051679000,1592051679000
Sensor:001,Sensor,/,,18.9,1592051700000,1592051700000
Sensor:001,Sensor,/,,24.0,1592051721000,1592051721000
Sensor:001,Sensor,/,,23.2,1592051742000,1592051742000
Sensor:001,Sensor,/,,18.2,1592051763000,1592051763000
Sensor:001,Sensor,/,,21.9,1592051784000,1592051784000
Sensor:001,Sensor,/,,17.4,1592051805000,1592051805000
Sensor:001,Sensor,/,,20.9,1592051826000,1592051826000
Sensor:001,Sensor,/,,25.6,1592051847000,1592051847000
Sensor:001,Sensor,/,,18.4,1592051868000,1592051868000
Sensor:001,Sensor,/,,29.1,1592051889000,1592051889000
Sensor:001,Sensor,/,,18.4,1592051910000,1592051910000
Sensor:001,Sensor,/,,25.4,1592051931000,1592051931000
Sensor:001,Sensor,/,,20.9,1592051952000,1592051952000
Sensor:001,Sensor,/,,29.1,1592051973000,1592051973000
Sensor:001,Sensor,/,,23.5,1592051994000,1592051994000
Sensor:001,Sensor,/,,25.7,1592052015000,1592052015000
Sensor:001,Sensor,/,,21.9,1592052036000,1592052036000
Sensor:001,Sensor,/,,27.9,1592052057000,1592052057000
Sensor:001,Sensor,/,,23.4,1592052078000,1592052078000
Sensor:001,Sensor,/,,28.0,1592052099000,1592052099000
Sensor:001,Sensor,/,,17.3,1592052121000,1592052121000
Sensor:001,Sensor,/,,26.4,1592052141000,1592052141000
Sensor:001,Sensor,/,,26.6,1592052162000,1592052162000
Sensor:001,Sensor,/,,18.7,1592052183000,1592052183000
Sensor:001,Sensor,/,,26.1,1592052204000,1592052204000
Sensor:001,Sensor,/,,16.9,1592052225000,1592052225000
Sensor:001,Sensor,/,,16.7,1592052246000,1592052246000
Sensor:001,Sensor,/,,20.5,1592052267000,1592052267000
Sensor:001,Sensor,/,,25.9,1592052289000,1592052289000
Sensor:001,Sensor,/,,29.2,1592052309000,1592052309000
Sensor:001,Sensor,/,,22.6,1592052330000,1592052330000
Sensor:001,Sensor,/,,25.5,1592052351000,1592052351000
Sensor:001,Sensor,/,,25.9,1592052372000,1592052372000
Sensor:001,Sensor,/,,26.9,1592052393000,1592052393000
Sensor:001,Sensor,/,,27.9,1592052414000,1592052414000
Sensor:001,Sensor,/,,20.5,1592052435000,1592052435000
Sensor:001,Sensor,/,,25.6,1592052456000,1592052456000
Sensor:001,Sensor,/,,22.2,1592052477000,1592052477000
Sensor:001,Sensor,/,,17.2,1592052498000,1592052498000
Sensor:001,Sensor,/,,26.8,1592052519000,1592052519000
Sensor:001,Sensor,/,,29.0,1592052540000,1592052540000
Sensor:001,Sensor,/,,19.9,1592052561000,1592052561000
Sensor:001,Sensor,/,,21.3,1592052582000,1592052582000
Sensor:001,Sensor,/,,27.0,1592052603000,1592052603000
Sensor:001,Sensor,/,,17.5,1592052624000,1592052624000
Sensor:001,Sensor,/,,26.5,1592052645000,1592052645000
Sensor:001,Sensor,/,,21.3,1592052666000,1592052666000
Sensor:001,Sensor,/,,17.8,1592052687000,1592052687000
Sensor:001,Sensor,/,,23.1,1592052708000,1592052708000
Sensor:001,Sensor,/,,29.9,1592052729000,1592052729000
Sensor:001,Sensor,/,,15.3,1592052750000,1592052750000
Sensor:001,Sensor,/,,19.8,1592052772000,1592052772000
Sensor:001,Sensor,/,,25.6,1592052792000,1592052792000
Sensor:001,Sensor,/,,23.5,1592052814000,1592052814000
Sensor:001,Sensor,/,,25.8,1592052835000,1592052835000
Sensor:001,Sensor,/,,16.0,1592052856000,1592052856000
Sensor:001,Sensor,/,,16.3,1592052877000,1592052877000
Sensor:001,Sensor,/,,27.7,1592052898000,1592052898000
Sensor:001,Sensor,/,,29.0,1592052919000,1592052919000
Sensor:001,Sensor,/,,18.5,1592052940000,1592052940000
Sensor:001,Sensor,/,,23.7,1592052961000,1592052961000
Sensor:001,Sensor,/,,20.6,1592052982000,1592052982000
Sensor:001,Sensor,/,,27.4,1592053003000,1592053003000
Sensor:001,Sensor,/,,23.9,1592053024000,1592053024000
Sensor:001,Sensor,/,,19.7,1592053045000,1592053045000
Sensor:001,Sensor,/,,27.5,1592053066000,1592053066000
Sensor:001,Sensor,/,,25.2,1592053087000,1592053087000
Sensor:001,Sensor,/,,15.1,1592053108000,1592053108000
Sensor:001,Sensor,/,,21.9,1592053129000,1592053129000
Sensor:001,Sensor,/,,18.6,1592053150000,1592053150000
Sensor:001,Sensor,/,,26.2,1592053171000,1592053171000
Sensor:001,Sensor,/,,17.1,1592053192000,1592053192000
Sensor:001,Sensor,/,,19.7,1592053213000,1592053213000
Sensor:001,Sensor,/,,15.0,1592053234000,1592053234000
Sensor:001,Sensor,/,,28.7,1592053255000,1592053255000
Sensor:001,Sensor,/,,27.7,1592053276000,1592053276000
Sensor:001,Sensor,/,,28.4,1592053297000,1592053297000
Sensor:001,Sensor,/,,28.2,1592053318000,1592053318000
Sensor:001,Sensor,/,,15.7,1592053339000,1592053339000
Sensor:001,Sensor,/,,27.8,1592053360000,1592053360000
Sensor:001,Sensor,/,,28.7,1592053381000,1592053381000
Sensor:001,Sensor,/,,15.3,1592053402000,1592053402000
Sensor:001,Sensor,/,,28.8,1592053423000,1592053423000
Sensor:001,Sensor,/,,26.1,1592053444000,1592053444000
Sensor:001,Sensor,/,,21.7,1592053465000,1592053465000
Sensor:001,Sensor,/,,23.1,1592053486000,1592053486000
Sensor:001,Sensor,/,,20.9,1592053507000,1592053507000
Sensor:001,Sensor,/,,25.1,1592053528000,1592053528000
Sensor:001,Sensor,/,,17.0,1592053549000,1592053549000
Sensor:001,Sensor,/,,19.2,1592053570000,1592053570000
Sensor:001,Sensor,/,,24.3,1592053591000,1592053591000
Sensor:001,Sensor,/,,28.0,1592053612000,1592053612000
Sensor:001,Sensor,/,,26.4,1592053633000,1592053633000
Sensor:001,Sensor,/,,15.4,1592053654000,1592053654000
Sensor:001,Sensor,/,,29.1,1592053675000,1592053675000
Sensor:001,Sensor,/,,16.6,1592053696000,1592053696000
Sensor:001,Sensor,/,,25.2,1592053717000,1592053717000
Sensor:001,Sensor,/,,17.5,1592053738000,1592053738000
Sensor:001,Sensor,/,,29.7,1592053759000,1592053759000
Sensor:001,Sensor,/,,30.0,1592053780000,1592053780000
Sensor:001,Sensor,/,,18.4,1592053801000,1592053801000
Sensor:001,Sensor,/,,28.5,1592053822000,1592053822000
Sensor:001,Sensor,/,,27.3,1592053843000,1592053843000
Sensor:001,Sensor,/,,18.9,1592053864000,1592053864000
Sensor:001,Sensor,/,,24.0,1592053885000,1592053885000
Sensor:001,Sensor,/,,28.3,1592053906000,1592053906000
Sensor:001,Sensor,/,,28.5,1592053927000,1592053927000
Sensor:001,Sensor,/,,18.1,1592053948000,1592053948000
Sensor:001,Sensor,/,,21.1,1592053969000,1592053969000
Sensor:001,Sensor,/,,22.0,1592053990000,1592053990000
Sensor:001,Sensor,/,,26.4,1592054011000,1592054011000
Sensor:001,Sensor,/,,18.1,1592054032000,1592054032000
Sensor:001,Sensor,/,,16.8,1592054053000,1592054053000
Sensor:001,Sensor,/,,29.0,1592054074000,1592054074000
Sensor:001,Sensor,/,,28.6,1592054095000,1592054095000
Sensor:001,Sensor,/,,22.2,1592054116000,1592054116000
Sensor:001,Sensor,/,,20.7,1592054137000,1592054137000
Sensor:001,Sensor,/,,27.7,1592054158000,1592054158000
Sensor:001,Sensor,/,,23.0,1592054179000,1592054179000
Sensor:001,Sensor,/,,25.4,1592054200000,1592054200000
Sensor:001,Sensor,/,,20.6,1592054221000,1592054221000
Sensor:001,Sensor,/,,19.1,1592054242000,1592054242000
Sensor:001,Sensor,/,,20.3,1592054264000,1592054264000
Sensor:001,Sensor,/,,29.4,1592054285000,1592054285000
Sensor:001,Sensor,/,,29.7,1592054305000,1592054305000
Sensor:001,Sensor,/,,25.8,1592054327000,1592054327000
Sensor:001,Sensor,/,,16.9,1592054348000,1592054348000
Sensor:001,Sensor,/,,17.3,1592054369000,1592054369000
Sensor:001,Sensor,/,,24.1,1592054390000,1592054390000
Sensor:001,Sensor,/,,27.8,1592054411000,1592054411000
Sensor:001,Sensor,/,,24.4,1592054432000,1592054432000
Sensor:001,Sensor,/,,27.3,1592054453000,1592054453000
Sensor:001,Sensor,/,,16.5,1592054474000,1592054474000
Sensor:001,Sensor,/,,29.2,1592054495000,1592054495000
Sensor:001,Sensor,/,,20.0,1592054516000,1592054516000
Sensor:001,Sensor,/,,27.4,1592054537000,1592054537000
Sensor:001,Sensor,/,,19.9,1592054558000,1592054558000
Sensor:001,Sensor,/,,17.2,1592054579000,1592054579000
Sensor:001,Sensor,/,,17.2,1592054600000,1592054600000
Sensor:001,Sensor,/,,16.5,1592054621000,1592054621000
Sensor:001,Sensor,/,,26.7,1592054642000,1592054642000
Sensor:001,Sensor,/,,20.5,1592054663000,1592054663000
Sensor:001,Sensor,/,,26.9,1592054684000,1592054684000
Sensor:001,Sensor,/,,25.7,1592054705000,1592054705000
Sensor:001,Sensor,/,,18.7,1592054726000,1592054726000
Sensor:001,Sensor,/,,17.1,1592054747000,1592054747000
Sensor:001,Sensor,/,,16.5,1592054768000,1592054768000
Sensor:001,Sensor,/,,19.1,1592054789000,1592054789000
Sensor:001,Sensor,/,,22.7,1592054810000,1592054810000
Sensor:001,Sensor,/,,19.3,1592054831000,1592054831000
Sensor:001,Sensor,/,,16.3,1592054852000,1592054852000
Sensor:001,Sensor,/,,24.1,1592054873000,1592054873000
Sensor:001,Sensor,/,,27.1,1592054894000,1592054894000
Sensor:001,Sensor,/,,19.9,1592054915000,1592054915000
Sensor:001,Sensor,/,,27.9,1592054936000,1592054936000
Sensor:001,Sensor,/,,22.2,1592054957000,1592054957000
Sensor:001,Sensor,/,,24.4,1592054978000,1592054978000
Sensor:001,Sensor,/,,17.0,1592054999000,1592054999000
Sensor:001,Sensor,/,,16.7,1592055020000,1592055020000
Sensor:001,Sensor,/,,26.0,1592055041000,1592055041000
Sensor:001,Sensor,/,,26.1,1592055062000,1592055062000
Sensor:001,Sensor,/,,24.4,1592055083000,1592055083000
Sensor:001,Sensor,/,,18.5,1592055104000,1592055104000
Sensor:001,Sensor,/,,16.0,1592055125000,1592055125000
Sensor:001,Sensor,/,,21.4,1592055146000,1592055146000
Sensor:001,Sensor,/,,23.0,1592055167000,1592055167000
Sensor:001,Sensor,/,,19.5,1592055188000,1592055188000
Sensor:001,Sensor,/,,22.9,1592055209000,1592055209000
Sensor:001,Sensor,/,,20.2,1592055230000,1592055230000
Sensor:001,Sensor,/,,26.5,1592055251000,1592055251000
Sensor:001,Sensor,/,,24.1,1592055272000,1592055272000
Sensor:001,Sensor,/,,18.8,1592055293000,1592055293000
Sensor:001,Sensor,/,,17.9,1592055314000,1592055314000
Sensor:001,Sensor,/,,16.6,1592055335000,1592055335000
Sensor:001,Sensor,/,,21.8,1592055356000,1592055356000
Sensor:001,Sensor,/,,29.2,1592055377000,1592055377000
Sensor:001,Sensor,/,,16.5,1592055398000,1592055398000
Sensor:001,Sensor,/,,25.8,1592055419000,1592055419000
Sensor:001,Sensor,/,,15.6,1592055440000,1592055440000
Sensor:001,Sensor,/,,25.3,1592055461000,1592055461000
Sensor:001,Sensor,/,,26.2,1592055482000,1592055482000
Sensor:001,Sensor,/,,20.1,1592055503000,1592055503000
Sensor:001,Sensor,/,,27.6,1592055524000,1592055524000
Sensor:001,Sensor,/,,19.4,1592055545000,1592055545000
Sensor:001,Sensor,/,,22.6,1592055566000,1592055566000
Sensor:001,Sensor,/,,19.4,1592055587000,1592055587000
Sensor:001,Sensor,/,,21.0,1592055609000,1592055609000
Sensor:001,Sensor,/,,29.9,1592055629000,1592055629000
Sensor:001,Sensor,/,,23.7,1592055650000,1592055650000
Sensor:001,Sensor,/,,21.9,1592055671000,1592055671000
Sensor:001,Sensor,/,,29.8,1592055692000,1592055692000
Sensor:001,Sensor,/,,23.8,1592055713000,1592055713000
Sensor:001,Sensor,/,,17.0,1592055734000,1592055734000
Sensor:001,Sensor,/,,16.6,1592055755000,1592055755000
Sensor:001,Sensor,/,,30.0,1592055776000,1592055776000
Sensor:001,Sensor,/,,18.3,1592055797000,1592055797000
Sensor:001,Sensor,/,,22.3,1592055819000,1592055819000
Sensor:001,Sensor,/,,22.7,1592055839000,1592055839000
Sensor:001,Sensor,/,,26.6,1592055860000,1592055860000
Sensor:001,Sensor,/,,15.2,1592055881000,1592055881000
Sensor:001,Sensor,/,,23.1,1592055903000,1592055903000
Sensor:001,Sensor,/,,20.0,1592055924000,1592055924000
Sensor:001,Sensor,/,,25.7,1592055945000,1592055945000
Sensor:001,Sensor,/,,19.3,1592055966000,1592055966000
Sensor:001,Sensor,/,,21.5,1592055987000,1592055987000
Sensor:001,Sensor,/,,19.8,1592056008000,1592056008000
Sensor:001,Sensor,/,,16.9,1592056029000,1592056029000
Sensor:001,Sensor,/,,24.8,1592056050000,1592056050000
Sensor:001,Sensor,/,,28.1,1592056071000,1592056071000
Sensor:001,Sensor,/,,16.3,1592056092000,1592056092000
Sensor:001,Sensor,/,,27.5,1592056113000,1592056113000
Sensor:001,Sensor,/,,24.3,1592056134000,1592056134000
Sensor:001,Sensor,/,,26.5,1592056155000,1592056155000
Sensor:001,Sensor,/,,26.0,1592056176000,1592056176000
Sensor:001,Sensor,/,,27.8,1592056197000,1592056197000
Sensor:001,Sensor,/,,18.4,1592056218000,1592056218000
Sensor:001,Sensor,/,,19.6,1592056239000,1592056239000
Sensor:001,Sensor,/,,23.7,1592056260000,1592056260000
Sensor:001,Sensor,/,,25.0,1592056281000,1592056281000
Sensor:001,Sensor,/,,22.0,1592056302000,1592056302000
Sensor:001,Sensor,/,,24.0,1592056323000,1592056323000
Sensor:001,Sensor,/,,15.8,1592056344000,1592056344000
Sensor:001,Sensor,/,,25.3,1592056365000,1592056365000
Sensor:001,Sensor,/,,21.7,1592056386000,1592056386000
Sensor:001,Sensor,/,,26.9,1592056407000,1592056407000
Sensor:001,Sensor,/,,30.0,1592056428000,1592056428000
Sensor:001,Sensor,/,,27.5,1592056449000,1592056449000
Sensor:001,Sensor,/,,24.2,1592056470000,1592056470000
Sensor:001,Sensor,/,,21.9,1592056491000,1592056491000
Sensor:001,Sensor,/,,20.8,1592056512000,1592056512000
Sensor:001,Sensor,/,,22.5,1592056533000,1592056533000
Sensor:001,Sensor,/,,27.6,1592056554000,1592056554000
Sensor:001,Sensor,/,,17.7,1592056575000,1592056575000
Sensor:001,Sensor,/,,19.5,1592056596000,1592056596000
Sensor:001,Sensor,/,,23.8,1592056617000,1592056617000
Sensor:001,Sensor,/,,23.3,1592056638000,1592056638000
Sensor:001,Sensor,/,,28.1,1592056659000,1592056659000
Sensor:001,Sensor,/,,28.0,1592056680000,1592056680000
Sensor:001,Sensor,/,,17.7,1592056701000,1592056701000
Sensor:001,Sensor,/,,24.0,1592056722000,1592056722000
Sensor:001,Sensor,/,,23.3,1592056743000,1592056743000
Sensor:001,Sensor,/,,18.0,1592056764000,1592056764000
Sensor:001,Sensor,/,,17.6,1592056785000,1592056785000
Sensor:001,Sensor,/,,18.2,1592056806000,1592056806000
Sensor:001,Sensor,/,,28.1,1592056827000,1592056827000
Sensor:001,Sensor,/,,27.4,1592056848000,1592056848000
Sensor:001,Sensor,/,,26.4,1592056869000,1592056869000
Sensor:001,Sensor,/,,19.4,1592056890000,1592056890000
Sensor:001,Sensor,/,,24.0,1592056911000,1592056911000
Sensor:001,Sensor,/,,23.6,1592056932000,1592056932000
Sensor:001,Sensor,/,,15.6,1592056953000,1592056953000
Sensor:001,Sensor,/,,22.0,1592056974000,1592056974000
Sensor:001,Sensor,/,,28.2,1592056995000,1592056995000
Sensor:001,Sensor,/,,15.7,1592057016000,1592057016000
Sensor:001,Sensor,/,,24.0,1592057037000,1592057037000
Sensor:001,Sensor,/,,22.1,1592057058000,1592057058000
Sensor:001,Sensor,/,,25.2,1592057079000,1592057079000
Sensor:001,Sensor,/,,28.2,1592057100000,1592057100000
Sensor:001,Sensor,/,,17.6,1592057121000,1592057121000
Sensor:001,Sensor,/,,28.1,1592057142000,1592057142000
Sensor:001,Sensor,/,,26.3,1592057163000,1592057163000
Sensor:001,Sensor,/,,28.7,1592057184000,1592057184000
Sensor:001,Sensor,/,,-0.0,1592057205000,1592057205000
Sensor:001,Sensor,/,,20.3,1592057226000,1592057226000
Sensor:001,Sensor,/,,21.2,1592057247000,1592057247000
Sensor:001,Sensor,/,,21.3,1592057268000,1592057268000
Sensor:001,Sensor,/,,26.5,1592057289000,1592057289000
Sensor:001,Sensor,/,,22.9,1592057310000,1592057310000
Sensor:001,Sensor,/,,27.7,1592057331000,1592057331000
Sensor:001,Sensor,/,,23.3,1592057352000,1592057352000
Sensor:001,Sensor,/,,17.6,1592057374000,1592057374000
Sensor:001,Sensor,/,,24.4,1592057394000,1592057394000
Sensor:001,Sensor,/,,24.3,1592057416000,1592057416000
Sensor:001,Sensor,/,,22.6,1592057437000,1592057437000
Sensor:001,Sensor,/,,19.8,1592057458000,1592057458000
Sensor:001,Sensor,/,,20.3,1592057479000,1592057479000
Sensor:001,Sensor,/,,29.2,1592057500000,1592057500000
Sensor:001,Sensor,/,,21.5,1592057521000,1592057521000
Sensor:001,Sensor,/,,20.4,1592057542000,1592057542000
Sensor:001,Sensor,/,,26.8,1592057563000,1592057563000
Sensor:001,Sensor,/,,27.5,1592057584000,1592057584000
Sensor:001,Sensor,/,,19.7,1592057605000,1592057605000
Sensor:001,Sensor,/,,15.3,1592057626000,1592057626000
Sensor:001,Sensor,/,,19.3,1592057647000,1592057647000
Sensor:001,Sensor,/,,16.6,1592057668000,1592057668000
Sensor:001,Sensor,/,,27.9,1592057689000,1592057689000
Sensor:001,Sensor,/,,16.2,1592057710000,1592057710000
Sensor:001,Sensor,/,,24.7,1592057731000,1592057731000
Sensor:001,Sensor,/,,29.9,1592057752000,1592057752000
Sensor:001,Sensor,/,,21.9,1592057773000,1592057773000
Sensor:001,Sensor,/,,28.4,1592057794000,1592057794000
Sensor:001,Sensor,/,,22.4,1592057815000,1592057815000
Sensor:001,Sensor,/,,28.2,1592057836000,1592057836000
Sensor:001,Sensor,/,,22.8,1592057857000,1592057857000
Sensor:001,Sensor,/,,23.4,1592057878000,1592057878000
Sensor:001,Sensor,/,,26.1,1592057899000,1592057899000
Sensor:001,Sensor,/,,27.6,1592057920000,1592057920000
Sensor:001,Sensor,/,,27.8,1592057941000,1592057941000
Sensor:001,Sensor,/,,15.9,1592057962000,1592057962000
Sensor:001,Sensor,/,,27.8,1592057983000,1592057983000
Sensor:001,Sensor,/,,21.9,1592058004000,1592058004000
Sensor:001,Sensor,/,,18.9,1592058025000,1592058025000
Sensor:001,Sensor,/,,28.6,1592058046000,1592058046000
Sensor:001,Sensor,/,,29.0,1592058067000,1592058067000
Sensor:001,Sensor,/,,23.4,1592058088000,1592058088000
Sensor:001,Sensor,/,,15.2,1592058109000,1592058109000
Sensor:001,Sensor,/,,15.5,1592058130000,1592058130000
Sensor:001,Sensor,/,,15.7,1592058151000,1592058151000
Sensor:001,Sensor,/,,26.5,1592058172000,1592058172000
Sensor:001,Sensor,/,,15.3,1592058193000,1592058193000
Sensor:001,Sensor,/,,23.0,1592058214000,1592058214000
Sensor:001,Sensor,/,,24.8,1592058235000,1592058235000
Sensor:001,Sensor,/,,21.5,1592058256000,1592058256000
Sensor:001,Sensor,/,,15.4,1592058277000,1592058277000
Sensor:001,Sensor,/,,16.1,1592058298000,1592058298000
Sensor:001,Sensor,/,,21.6,1592058319000,1592058319000
Sensor:001,Sensor,/,,27.6,1592058340000,1592058340000
Sensor:001,Sensor,/,,17.9,1592058361000,1592058361000
Sensor:001,Sensor,/,,20.2,1592058382000,1592058382000
Sensor:001,Sensor,/,,22.7,1592058403000,1592058403000
Sensor:001,Sensor,/,,19.0,1592058424000,1592058424000
Sensor:001,Sensor,/,,25.8,1592058445000,1592058445000
Sensor:001,Sensor,/,,22.9,1592058466000,1592058466000
Sensor:001,Sensor,/,,23.0,1592058487000,1592058487000
Sensor:001,Sensor,/,,20.0,1592058508000,1592058508000
Sensor:001,Sensor,/,,18.4,1592058529000,1592058529000
Sensor:001,Sensor,/,,19.5,1592058550000,1592058550000
Sensor:001,Sensor,/,,26.2,1592058571000,1592058571000
Sensor:001,Sensor,/,,23.4,1592058592000,1592058592000
Sensor:001,Sensor,/,,23.8,1592058613000,1592058613000
Sensor:001,Sensor,/,,20.3,1592058634000,1592058634000
Sensor:001,Sensor,/,,17.2,1592058655000,1592058655000
Sensor:001,Sensor,/,,26.1,1592058676000,1592058676000
Sensor:001,Sensor,/,,27.0,1592058697000,1592058697000
Sensor:001,Sensor,/,,22.2,1592058718000,1592058718000
Sensor:001,Sensor,/,,28.9,1592058739000,1592058739000
Sensor:001,Sensor,/,,19.5,1592058760000,1592058760000
Sensor:001,Sensor,/,,15.6,1592058781000,1592058781000
Sensor:001,Sensor,/,,20.8,1592058802000,1592058802000
Sensor:001,Sensor,/,,18.0,1592058823000,1592058823000
Sensor:001,Sensor,/,,26.2,1592058844000,1592058844000
Sensor:001,Sensor,/,,26.9,1592058866000,1592058866000
Sensor:001,Sensor,/,,26.4,1592058886000,1592058886000
Sensor:001,Sensor,/,,22.1,1592058907000,1592058907000
Sensor:001,Sensor,/,,15.5,1592058928000,1592058928000
Sensor:001,Sensor,/,,20.8,1592058949000,1592058949000
Sensor:001,Sensor,/,,23.5,1592058970000,1592058970000
Sensor:001,Sensor,/,,17.5,1592058992000,1592058992000
Sensor:001,Sensor,/,,23.1,1592059013000,1592059013000
Sensor:001,Sensor,/,,27.6,1592059034000,1592059034000
Sensor:001,Sensor,/,,22.1,1592059055000,1592059055000
Sensor:001,Sensor,/,,21.2,1592059076000,1592059076000
Sensor:001,Sensor,/,,16.2,1592059097000,1592059097000
Sensor:001,Sensor,/,,24.1,1592059118000,1592059118000
Sensor:001,Sensor,/,,28.2,1592059139000,1592059139000
Sensor:001,Sensor,/,,21.3,1592059160000,1592059160000
Sensor:001,Sensor,/,,24.3,1592059181000,1592059181000
Sensor:001,Sensor,/,,16.7,1592059202000,1592059202000
Sensor:001,Sensor,/,,22.5,1592059223000,1592059223000
Sensor:001,Sensor,/,,27.4,1592059244000,1592059244000
Sensor:001,Sensor,/,,23.4,1592059265000,1592059265000
Sensor:001,Sensor,/,,22.1,1592059286000,1592059286000
Sensor:001,Sensor,/,,22.3,1592059307000,1592059307000
Sensor:001,Sensor,/,,28.1,1592059328000,1592059328000
Sensor:001,Sensor,/,,20.6,1592059349000,1592059349000
Sensor:001,Sensor,/,,15.2,1592059370000,1592059370000
Sensor:001,Sensor,/,,27.5,1592059391000,1592059391000
Sensor:001,Sensor,/,,19.9,1592059412000,1592059412000
Sensor:001,Sensor,/,,29.6,1592059433000,1592059433000
Sensor:001,Sensor,/,,24.7,1592059454000,1592059454000
Sensor:001,Sensor,/,,28.7,1592059475000,1592059475000
Sensor:001,Sensor,/,,15.0,1592059496000,1592059496000
Sensor:001,Sensor,/,,20.7,1592059517000,1592059517000
Sensor:001,Sensor,/,,24.4,1592059538000,1592059538000
Sensor:001,Sensor,/,,29.6,1592059559000,1592059559000
Sensor:001,Sensor,/,,0.0,1592059578000,1592059578000
Sensor:001,Sensor,/,,28.0,1592059580000,1592059580000
Sensor:001,Sensor,/,,21.6,1592059601000,1592059601000
Sensor:001,Sensor,/,,21.0,1592059622000,1592059622000
Sensor:001,Sensor,/,,16.1,1592059643000,1592059643000
Sensor:001,Sensor,/,,29.7,1592059664000,1592059664000
Sensor:001,Sensor,/,,26.8,1592059685000,1592059685000
Sensor:001,Sensor,/,,22.7,1592059706000,1592059706000
Sensor:001,Sensor,/,,19.9,1592059727000,1592059727000
Sensor:001,Sensor,/,,24.9,1592059748000,1592059748000
Sensor:001,Sensor,/,,26.8,1592059769000,1592059769000
Sensor:001,Sensor,/,,21.7,1592059790000,1592059790000
Sensor:001,Sensor,/,,24.4,1592059811000,1592059811000
Sensor:001,Sensor,/,,20.2,1592059832000,1592059832000
Sensor:001,Sensor,/,,29.8,1592059853000,1592059853000
Sensor:001,Sensor,/,,22.4,1592059874000,1592059874000
Sensor:001,Sensor,/,,26.1,1592059895000,1592059895000
Sensor:001,Sensor,/,,19.6,1592059916000,1592059916000
Sensor:001,Sensor,/,,27.1,1592059937000,1592059937000
Sensor:001,Sensor,/,,27.0,1592059958000,1592059958000
Sensor:001,Sensor,/,,24.3,1592059979000,1592059979000
Sensor:001,Sensor,/,,19.3,1592060000000,1592060000000
Sensor:001,Sensor,/,,29.1,1592060021000,1592060021000
Sensor:001,Sensor,/,,21.2,1592060042000,1592060042000
Sensor:001,Sensor,/,,17.1,1592060063000,1592060063000
Sensor:001,Sensor,/,,20.9,1592060084000,1592060084000
Sensor:001,Sensor,/,,26.9,1592060105000,1592060105000
Sensor:001,Sensor,/,,28.3,1592060126000,1592060126000
Sensor:001,Sensor,/,,16.7,1592060147000,1592060147000
Sensor:001,Sensor,/,,16.3,1592060168000,1592060168000
Sensor:001,Sensor,/,,24.7,1592060189000,1592060189000
Sensor:001,Sensor,/,,24.3,1592060210000,1592060210000
Sensor:001,Sensor,/,,17.0,1592060231000,1592060231000
Sensor:001,Sensor,/,,20.0,1592060252000,1592060252000
Sensor:001,Sensor,/,,15.5,1592060273000,1592060273000
Sensor:001,Sensor,/,,26.6,1592060294000,1592060294000
Sensor:001,Sensor,/,,17.2,1592060315000,1592060315000
Sensor:001,Sensor,/,,21.6,1592060336000,1592060336000
Sensor:001,Sensor,/,,28.9,1592060357000,1592060357000
Sensor:001,Sensor,/,,25.0,1592060378000,1592060378000
Sensor:001,Sensor,/,,21.0,1592060399000,1592060399000
Sensor:001,Sensor,/,,16.1,1592060420000,1592060420000
Sensor:001,Sensor,/,,28.6,1592060441000,1592060441000
Sensor:001,Sensor,/,,29.7,1592060462000,1592060462000
Sensor:001,Sensor,/,,27.9,1592060484000,1592060484000
Sensor:001,Sensor,/,,17.4,1592060505000,1592060505000
Sensor:001,Sensor,/,,28.7,1592060526000,1592060526000
Sensor:001,Sensor,/,,15.5,1592060547000,1592060547000
Sensor:001,Sensor,/,,16.4,1592060568000,1592060568000
Sensor:001,Sensor,/,,28.8,1592060589000,1592060589000
Sensor:001,Sensor,/,,21.9,1592060610000,1592060610000
Sensor:001,Sensor,/,,24.8,1592060631000,1592060631000
Sensor:001,Sensor,/,,22.3,1592060652000,1592060652000
Sensor:001,Sensor,/,,28.4,1592060673000,1592060673000
Sensor:001,Sensor,/,,28.5,1592060694000,1592060694000
Sensor:001,Sensor,/,,21.1,1592060715000,1592060715000
Sensor:001,Sensor,/,,16.2,1592060736000,1592060736000
Sensor:001,Sensor,/,,0.0,1592060745000,1592060745000
Sensor:001,Sensor,/,,15.3,1592060757000,1592060757000
Sensor:001,Sensor,/,,15.7,1592060778000,1592060778000
Sensor:001,Sensor,/,,15.7,1592060799000,1592060799000
Sensor:001,Sensor,/,,29.9,1592060820000,1592060820000
Sensor:001,Sensor,/,,18.1,1592060841000,1592060841000
Sensor:001,Sensor,/,,16.1,1592060862000,1592060862000
Sensor:001,Sensor,/,,20.3,1592060883000,1592060883000
Sensor:001,Sensor,/,,23.3,1592060904000,1592060904000
Sensor:001,Sensor,/,,26.5,1592060925000,1592060925000
Sensor:001,Sensor,/,,17.3,1592060946000,1592060946000
Sensor:001,Sensor,/,,24.1,1592060967000,1592060967000
Sensor:001,Sensor,/,,17.8,1592060988000,1592060988000
Sensor:001,Sensor,/,,23.2,1592061009000,1592061009000
Sensor:001,Sensor,/,,21.4,1592061030000,1592061030000
Sensor:001,Sensor,/,,16.2,1592061051000,1592061051000
Sensor:001,Sensor,/,,22.0,1592061072000,1592061072000
Sensor:001,Sensor,/,,17.3,1592061093000,1592061093000
Sensor:001,Sensor,/,,27.6,1592061114000,1592061114000
Sensor:001,Sensor,/,,16.4,1592061135000,1592061135000
Sensor:001,Sensor,/,,16.3,1592061156000,1592061156000
Sensor:001,Sensor,/,,28.2,1592061177000,1592061177000
Sensor:001,Sensor,/,,20.9,1592061198000,1592061198000
Sensor:001,Sensor,/,,16.6,1592061219000,1592061219000
Sensor:001,Sensor,/,,17.8,1592061240000,1592061240000
Sensor:001,Sensor,/,,29.7,1592061261000,1592061261000
Sensor:001,Sensor,/,,16.7,1592061282000,1592061282000
Sensor:001,Sensor,/,,17.6,1592061303000,1592061303000
Sensor:001,Sensor,/,,22.9,1592061324000,1592061324000
Sensor:001,Sensor,/,,21.2,1592061345000,1592061345000
Sensor:001,Sensor,/,,29.1,1592061366000,1592061366000
Sensor:001,Sensor,/,,24.2,1592061387000,1592061387000
Sensor:001,Sensor,/,,23.3,1592061408000,1592061408000
Sensor:001,Sensor,/,,20.5,1592061429000,1592061429000
Sensor:001,Sensor,/,,24.8,1592061450000,1592061450000
Sensor:001,Sensor,/,,15.5,1592061471000,1592061471000
Sensor:001,Sensor,/,,23.4,1592061492000,1592061492000
Sensor:001,Sensor,/,,24.0,1592061514000,1592061514000
Sensor:001,Sensor,/,,27.6,1592061534000,1592061534000
Sensor:001,Sensor,/,,22.1,1592061555000,1592061555000
Sensor:001,Sensor,/,,23.5,1592061576000,1592061576000
Sensor:001,Sensor,/,,25.1,1592061597000,1592061597000
Sensor:001,Sensor,/,,20.1,1592061618000,1592061618000
Sensor:001,Sensor,/,,20.4,1592061639000,1592061639000
Sensor:001,Sensor,/,,20.5,1592061660000,1592061660000
Sensor:001,Sensor,/,,23.1,1592061681000,1592061681000
Sensor:001,Sensor,/,,25.9,1592061702000,1592061702000
Sensor:001,Sensor,/,,18.6,1592061723000,1592061723000
Sensor:001,Sensor,/,,18.3,1592061744000,1592061744000
Sensor:001,Sensor,/,,27.0,1592061765000,1592061765000
Sensor:001,Sensor,/,,24.4,1592061786000,1592061786000
Sensor:001,Sensor,/,,18.1,1592061807000,1592061807000
Sensor:001,Sensor,/,,20.5,1592061828000,1592061828000
Sensor:001,Sensor,/,,19.6,1592061849000,1592061849000
Sensor:001,Sensor,/,,27.8,1592061870000,1592061870000
Sensor:001,Sensor,/,,20.9,1592061891000,1592061891000
Sensor:001,Sensor,/,,16.1,1592061912000,1592061912000
Sensor:001,Sensor,/,,19.3,1592061933000,1592061933000
Sensor:001,Sensor,/,,19.2,1592061955000,1592061955000
Sensor:001,Sensor,/,,16.5,1592061975000,1592061975000
Sensor:001,Sensor,/,,25.1,1592061996000,1592061996000
Sensor:001,Sensor,/,,21.8,1592062018000,1592062018000
Sensor:001,Sensor,/,,24.1,1592062039000,1592062039000
Sensor:001,Sensor,/,,20.5,1592062060000,1592062060000
Sensor:001,Sensor,/,,19.0,1592062081000,1592062081000
Sensor:001,Sensor,/,,28.6,1592062102000,1592062102000
Sensor:001,Sensor,/,,15.8,1592062123000,1592062123000
Sensor:001,Sensor,/,,15.8,1592062144000,1592062144000
Sensor:001,Sensor,/,,28.9,1592062165000,1592062165000
Sensor:001,Sensor,/,,24.4,1592062186000,1592062186000
Sensor:001,Sensor,/,,inf,1592062197000,1592062197000
Sensor:001,Sensor,/,,28.2,1592062207000,1592062207000
Sensor:001,Sensor,/,,24.4,1592062228000,1592062228000
Sensor:001,Sensor,/,,15.9,1592062249000,1592062249000
Sensor:001,Sensor,/,,15.6,1592062270000,1592062270000
Sensor:001,Sensor,/,,26.7,1592062291000,1592062291000
Sensor:001,Sensor,/,,24.8,1592062312000,1592062312000
Sensor:001,Sensor,/,,28.8,1592062333000,1592062333000
Sensor:001,Sensor,/,,22.4,1592062354000,1592062354000
Sensor:001,Sensor,/,,20.4,1592062375000,1592062375000
Sensor:001,Sensor,/,,25.8,1592062396000,1592062396000
Sensor:001,Sensor,/,,21.6,1592062417000,1592062417000
Sensor:001,Sensor,/,,19.8,1592062438000,1592062438000
Sensor:001,Sensor,/,,16.3,1592062468000,1592062468000
Sensor:001,Sensor,/,,17.0,1592062480000,1592062480000
Sensor:001,Sensor,/,,25.5,1592062501000,1592062501000
Sensor:001,Sensor,/,,26.6,1592062522000,1592062522000
Sensor:001,Sensor,/,,25.5,1592062543000,1592062543000
Sensor:001,Sensor,/,,15.4,1592062564000,1592062564000
Sensor:001,Sensor,/,,26.6,1592062585000,1592062585000
Sensor:001,Sensor,/,,18.2,1592062606000,1592062606000
Sensor:001,Sensor,/,,16.5,1592062627000,1592062627000
Sensor:001,Sensor,/,,20.1,1592062648000,1592062648000
Sensor:001,Sensor,/,,15.1,1592062669000,1592062669000
Sensor:001,Sensor,/,,27.3,1592062690000,1592062690000
Sensor:001,Sensor,/,,16.4,1592062711000,1592062711000
Sensor:001,Sensor,/,,29.3,1592062732000,1592062732000
Sensor:001,Sensor,/,,29.0,1592062753000,1592062753000
Sensor:001,Sensor,/,,29.9,1592062774000,1592062774000
Sensor:001,Sensor,/,,28.5,1592062795000,1592062795000
Sensor:001,Sensor,/,,17.3,1592062816000,1592062816000
Sensor:001,Sensor,/,,20.6,1592062837000,1592062837000
Sensor:001,Sensor,/,,15.6,1592062858000,1592062858000
Sensor:001,Sensor,/,,24.7,1592062879000,1592062879000
Sensor:001,Sensor,/,,28.1,1592062900000,1592062900000
Sensor:001,Sensor,/,,26.1,1592062921000,1592062921000
Sensor:001,Sensor,/,,28.6,1592062942000,1592062942000
Sensor:001,Sensor,/,,17.8,1592062963000,1592062963000
Sensor:001,Sensor,/,,25.9,1592062984000,1592062984000
Sensor:001,Sensor,/,,19.1,1592063005000,1592063005000
Sensor:001,Sensor,/,,15.0,1592063026000,1592063026000
Sensor:001,Sensor,/,,16.9,1592063047000,1592063047000
Sensor:001,Sensor,/,,27.8,1592063068000,1592063068000
Sensor:001,Sensor,/,,23.6,1592063089000,1592063089000
Sensor:001,Sensor,/,,26.6,1592063110000,1592063110000
Sensor:001,Sensor,/,,21.2,1592063131000,1592063131000
Sensor:001,Sensor,/,,20.9,1592063152000,1592063152000
Sensor:001,Sensor,/,,25.8,1592063173000,1592063173000
Sensor:001,Sensor,/,,18.3,1592063194000,1592063194000
Sensor:001,Sensor,/,,20.9,1592063215000,1592063215000
Sensor:001,Sensor,/,,24.7,1592063236000,1592063236000
Sensor:001,Sensor,/,,20.8,1592063257000,1592063257000
Sensor:001,Sensor,/,,19.2,1592063278000,1592063278000
Sensor:001,Sensor,/,,25.5,1592063299000,1592063299000
Sensor:001,Sensor,/,,19.0,1592063320000,1592063320000
Sensor:001,Sensor,/,,18.5,1592063341000,1592063341000
Sensor:001,Sensor,/,,27.4,1592063362000,1592063362000
Sensor:001,Sensor,/,,18.0,1592063383000,1592063383000
Sensor:001,Sensor,/,,17.8,1592063404000,1592063404000
Sensor:001,Sensor,/,,21.6,1592063425000,1592063425000
Sensor:001,Sensor,/,,19.8,1592063446000,1592063446000
Sensor:001,Sensor,/,,24.2,1592063467000,1592063467000
Sensor:001,Sensor,/,,18.4,1592063488000,1592063488000
Sensor:001,Sensor,/,,24.1,1592063509000,1592063509000
Sensor:001,Sensor,/,,16.5,1592063530000,1592063530000
Sensor:001,Sensor,/,,29.5,1592063551000,1592063551000
Sensor:001,Sensor,/,,27.9,1592063572000,1592063572000
Sensor:001,Sensor,/,,27.7,1592063593000,1592063593000
Sensor:001,Sensor,/,,19.0,1592063615000,1592063615000
Sensor:001,Sensor,/,,24.2,1592063636000,1592063636000
Sensor:001,Sensor,/,,20.1,1592063657000,1592063657000
Sensor:001,Sensor,/,,17.7,1592063678000,1592063678000
Sensor:001,Sensor,/,,21.1,1592063702000,1592063702000
Sensor:001,Sensor,/,,25.9,1592063720000,1592063720000
Sensor:001,Sensor,/,,22.2,1592063741000,1592063741000
Sensor:001,Sensor,/,,17.9,1592063762000,1592063762000
Sensor:001,Sensor,/,,28.7,1592063783000,1592063783000
Sensor:001,Sensor,/,,17.2,1592063804000,1592063804000
Sensor:001,Sensor,/,,24.1,1592063825000,1592063825000
Sensor:001,Sensor,/,,21.0,1592063846000,1592063846000
Sensor:001,Sensor,/,,19.9,1592063867000,1592063867000
Sensor:001,Sensor,/,,18.2,1592063888000,1592063888000
Sensor:001,Sensor,/,,25.1,1592063909000,1592063909000
Sensor:001,Sensor,/,,29.8,1592063930000,1592063930000
Sensor:001,Sensor,/,,15.5,1592063951000,1592063951000
Sensor:001,Sensor,/,,18.2,1592063972000,1592063972000
Sensor:001,Sensor,/,,22.0,1592063993000,1592063993000
Sensor:001,Sensor,/,,24.7,1592064014000,1592064014000
Sensor:001,Sensor,/,,26.9,1592064035000,1592064035000
Sensor:001,Sensor,/,,26.0,1592064056000,1592064056000
Sensor:001,Sensor,/,,17.3,1592064077000,1592064077000
Sensor:001,Sensor,/,,16.2,1592064098000,1592064098000
Sensor:001,Sensor,/,,26.5,1592064119000,1592064119000
Sensor:001,Sensor,/,,22.6,1592064140000,1592064140000
Sensor:001,Sensor,/,,27.9,1592064161000,1592064161000
Sensor:001,Sensor,/,,20.5,1592064182000,1592064182000
Sensor:001,Sensor,/,,18.9,1592064203000,1592064203000
Sensor:001,Sensor,/,,25.5,1592064224000,1592064224000
Sensor:001,Sensor,/,,23.4,1592064245000,1592064245000
Sensor:001,Sensor,/,,16.1,1592064266000,1592064266000
Sensor:001,Sensor,/,,22.6,1592064287000,1592064287000
Sensor:001,Sensor,/,,29.4,1592064308000,1592064308000
Sensor:001,Sensor,/,,19.6,1592064329000,1592064329000
Sensor:001,Sensor,/,,16.2,1592064350000,1592064350000
Sensor:001,Sensor,/,,25.3,1592064371000,1592064371000
Sensor:001,Sensor,/,,16.2,1592064392000,1592064392000
Sensor:001,Sensor,/,,26.7,1592064413000,1592064413000
Sensor:001,Sensor,/,,29.6,1592064434000,1592064434000
Sensor:001,Sensor,/,,19.0,1592064455000,1592064455000
Sensor:001,Sensor,/,,22.9,1592064476000,1592064476000
Sensor:001,Sensor,/,,28.4,1592064497000,1592064497000
Sensor:001,Sensor,/,,16.2,1592064518000,1592064518000
Sensor:001,Sensor,/,,20.6,1592064539000,1592064539000
Sensor:001,Sensor,/,,18.2,1592064560000,1592064560000
Sensor:001,Sensor,/,,24.1,1592064581000,1592064581000
Sensor:001,Sensor,/,,27.8,1592064602000,1592064602000
Sensor:001,Sensor,/,,19.0,1592064623000,1592064623000
Sensor:001,Sensor,/,,29.6,1592064644000,1592064644000
Sensor:001,Sensor,/,,21.4,1592064665000,1592064665000
Sensor:001,Sensor,/,,28.6,1592064686000,1592064686000
Sensor:001,Sensor,/,,21.5,1592064707000,1592064707000
Sensor:001,Sensor,/,,21.8,1592064728000,1592064728000
Sensor:001,Sensor,/,,23.8,1592064749000,1592064749000
Sensor:001,Sensor,/,,22.3,1592064770000,1592064770000
Sensor:001,Sensor,/,,24.5,1592064791000,1592064791000
Sensor:001,Sensor,/,,19.1,1592064812000,1592064812000
Sensor:001,Sensor,/,,27.6,1592064833000,1592064833000
Sensor:001,Sensor,/,,18.0,1592064854000,1592064854000
Sensor:001,Sensor,/,,26.5,1592064875000,1592064875000
Sensor:001,Sensor,/,,19.3,1592064896000,1592064896000
Sensor:001,Sensor,/,,25.3,1592064917000,1592064917000
Sensor:001,Sensor,/,,25.9,1592064938000,1592064938000
Sensor:001,Sensor,/,,19.2,1592064959000,1592064959000
Sensor:001,Sensor,/,,22.5,1592064980000,1592064980000
Sensor:001,Sensor,/,,23.2,1592065001000,1592065001000
Sensor:001,Sensor,/,,28.9,1592065022000,1592065022000
Sensor:001,Sensor,/,,28.7,1592065043000,1592065043000
Sensor:001,Sensor,/,,24.3,1592065064000,1592065064000
Sensor:001,Sensor,/,,19.2,1592065086000,1592065086000
Sensor:001,Sensor,/,,15.7,1592065107000,1592065107000
Sensor:001,Sensor,/,,20.7,1592065128000,1592065128000
Sensor:001,Sensor,/,,21.8,1592065149000,1592065149000
Sensor:001,Sensor,/,,21.0,1592065170000,1592065170000
Sensor:001,Sensor,/,,21.4,1592065191000,1592065191000
Sensor:001,Sensor,/,,28.0,1592065212000,1592065212000
Sensor:001,Sensor,/,,27.4,1592065233000,1592065233000
Sensor:001,Sensor,/,,15.7,1592065254000,1592065254000
Sensor:001,Sensor,/,,29.7,1592065275000,1592065275000
Sensor:001,Sensor,/,,27.2,1592065296000,1592065296000
Sensor:001,Sensor,/,,27.1,1592065317000,1592065317000
Sensor:001,Sensor,/,,22.8,1592065338000,1592065338000
Sensor:001,Sensor,/,,23.4,1592065359000,1592065359000
Sensor:001,Sensor,/,,22.8,1592065380000,1592065380000
Sensor:001,Sensor,/,,23.4,1592065401000,1592065401000
Sensor:001,Sensor,/,,21.6,1592065422000,1592065422000
Sensor:001,Sensor,/,,20.7,1592065443000,1592065443000
Sensor:001,Sensor,/,,28.5,1592065464000,1592065464000
Sensor:001,Sensor,/,,21.8,1592065485000,1592065485000
Sensor:001,Sensor,/,,26.8,1592065506000,1592065506000
Sensor:001,Sensor,/,,19.2,1592065527000,1592065527000
Sensor:001,Sensor,/,,29.6,1592065548000,1592065548000
Sensor:001,Sensor,/,,28.8,1592065569000,1592065569000
Sensor:001,Sensor,/,,28.5,1592065590000,1592065590000
Sensor:001,Sensor,/,,17.9,1592065611000,1592065611000
Sensor:001,Sensor,/,,20.2,1592065632000,1592065632000
Sensor:001,Sensor,/,,22.5,1592065653000,1592065653000
Sensor:001,Sensor,/,,25.7,1592065674000,1592065674000
Sensor:001,Sensor,/,,23.8,1592065695000,1592065695000
Sensor:001,Sensor,/,,17.3,1592065716000,1592065716000
Sensor:001,Sensor,/,,19.9,1592065737000,1592065737000
Sensor:001,Sensor,/,,17.4,1592065758000,1592065758000
Sensor:001,Sensor,/,,24.4,1592065779000,1592065779000
Sensor:001,Sensor,/,,17.7,1592065800000,1592065800000
Sensor:001,Sensor,/,,20.0,1592065821000,1592065821000
Sensor:001,Sensor,/,,17.2,1592065842000,1592065842000
Sensor:001,Sensor,/,,29.3,1592065863000,1592065863000
Sensor:001,Sensor,/,,23.4,1592065884000,1592065884000
Sensor:001,Sensor,/,,29.6,1592065905000,1592065905000
Sensor:001,Sensor,/,,23.9,1592065926000,1592065926000
Sensor:001,Sensor,/,,16.5,1592065947000,1592065947000
Sensor:001,Sensor,/,,17.1,1592065968000,1592065968000
Sensor:001,Sensor,/,,20.5,1592065989000,1592065989000
Sensor:001,Sensor,/,,26.6,1592066010000,1592066010000
Sensor:001,Sensor,/,,28.9,1592066031000,1592066031000
Sensor:001,Sensor,/,,16.4,1592066052000,1592066052000
Sensor:001,Sensor,/,,26.2,1592066073000,1592066073000
Sensor:001,Sensor,/,,23.9,1592066094000,1592066094000
Sensor:001,Sensor,/,,15.2,1592066115000,1592066115000
Sensor:001,Sensor,/,,15.3,1592066136000,1592066136000
Sensor:001,Sensor,/,,24.8,1592066157000,1592066157000
Sensor:001,Sensor,/,,18.0,1592066178000,1592066178000
Sensor:001,Sensor,/,,24.8,1592066199000,1592066199000
Sensor:001,Sensor,/,,20.0,1592066220000,1592066220000
Sensor:001,Sensor,/,,28.0,1592066241000,1592066241000
Sensor:001,Sensor,/,,18.5,1592066262000,1592066262000
Sensor:001,Sensor,/,,16.6,1592066283000,1592066283000
Sensor:001,Sensor,/,,17.4,1592066304000,1592066304000
Sensor:001,Sensor,/,,29.8,1592066325000,1592066325000
Sensor:001,Sensor,/,,15.1,1592066346000,1592066346000
Sensor:001,Sensor,/,,25.7,1592066367000,1592066367000
Sensor:001,Sensor,/,,21.5,1592066388000,1592066388000
Sensor:001,Sensor,/,,20.7,1592066409000,1592066409000
Sensor:001,Sensor,/,,15.9,1592066430000,1592066430000
Sensor:001,Sensor,/,,19.0,1592066451000,1592066451000
Sensor:001,Sensor,/,,16.4,1592066472000,1592066472000
Sensor:001,Sensor,/,,23.5,1592066493000,1592066493000
Sensor:001,Sensor,/,,16.6,1592066514000,1592066514000
Sensor:001,Sensor,/,,19.9,1592066536000,1592066536000
Sensor:001,Sensor,/,,26.8,1592066556000,1592066556000
Sensor:001,Sensor,/,,19.9,1592066577000,1592066577000
Sensor:001,Sensor,/,,20.3,1592066598000,1592066598000
Sensor:001,Sensor,/,,28.2,1592066620000,1592066620000
Sensor:001,Sensor,/,,18.9,1592066640000,1592066640000
Sensor:001,Sensor,/,,25.3,1592066662000,1592066662000
Sensor:001,Sensor,/,,16.5,1592066683000,1592066683000
Sensor:001,Sensor,/,,21.3,1592066704000,1592066704000
Sensor:001,Sensor,/,,28.7,1592066725000,1592066725000
Sensor:001,Sensor,/,,20.5,1592066746000,1592066746000
Sensor:001,Sensor,/,,15.0,1592066767000,1592066767000
Sensor:001,Sensor,/,,20.6,1592066788000,1592066788000
Sensor:001,Sensor,/,,23.7,1592066809000,1592066809000
Sensor:001,Sensor,/,,22.3,1592066830000,1592066830000
Sensor:001,Sensor,/,,24.4,1592066851000,1592066851000
Sensor:001,Sensor,/,,28.5,1592066872000,1592066872000
Sensor:001,Sensor,/,,25.2,1592066893000,1592066893000
Sensor:001,Sensor,/,,24.5,1592066914000,1592066914000
Sensor:001,Sensor,/,,18.7,1592066935000,1592066935000
Sensor:001,Sensor,/,,22.2,1592066956000,1592066956000
Sensor:001,Sensor,/,,29.2,1592066977000,1592066977000
Sensor:001,Sensor,/,,26.9,1592066998000,1592066998000
Sensor:001,Sensor,/,,15.2,1592067019000,1592067019000
Sensor:001,Sensor,/,,29.7,1592067040000,1592067040000
Sensor:001,Sensor,/,,24.8,1592067061000,1592067061000
Sensor:001,Sensor,/,,21.8,1592067082000,1592067082000
Sensor:001,Sensor,/,,17.4,1592067103000,1592067103000
Sensor:001,Sensor,/,,-0.0,1592067110000,1592067110000
Sensor:001,Sensor,/,,16.0,1592067124000,1592067124000
Sensor:001,Sensor,/,,20.2,1592067145000,1592067145000
Sensor:001,Sensor,/,,16.3,1592067166000,1592067166000
Sensor:001,Sensor,/,,21.8,1592067187000,1592067187000
Sensor:001,Sensor,/,,20.7,1592067208000,1592067208000
Sensor:001,Sensor,/,,26.4,1592067229000,1592067229000
Sensor:001,Sensor,/,,15.7,1592067250000,1592067250000
Sensor:001,Sensor,/,,18.4,1592067271000,1592067271000
Sensor:001,Sensor,/,,20.5,1592067292000,1592067292000
Sensor:001,Sensor,/,,25.6,1592067313000,1592067313000
Sensor:001,Sensor,/,,27.5,1592067334000,1592067334000
Sensor:001,Sensor,/,,28.9,1592067355000,1592067355000
Sensor:001,Sensor,/,,inf,1592067373000,1592067373000
Sensor:001,Sensor,/,,19.7,1592067376000,1592067376000
Sensor:001,Sensor,/,,19.9,1592067397000,1592067397000
Sensor:001,Sensor,/,,18.6,1592067418000,1592067418000
Sensor:001,Sensor,/,,29.1,1592067439000,1592067439000
Sensor:001,Sensor,/,,25.9,1592067460000,1592067460000
Sensor:001,Sensor,/,,24.1,1592067481000,1592067481000
Sensor:001,Sensor,/,,16.3,1592067502000,1592067502000
Sensor:001,Sensor,/,,28.1,1592067523000,1592067523000
Sensor:001,Sensor,/,,21.1,1592067544000,1592067544000
Sensor:001,Sensor,/,,16.6,1592067565000,1592067565000
Sensor:001,Sensor,/,,27.2,1592067586000,1592067586000
Sensor:001,Sensor,/,,17.9,1592067607000,1592067607000
Sensor:001,Sensor,/,,18.0,1592067628000,1592067628000
Sensor:001,Sensor,/,,22.7,1592067649000,1592067649000
Sensor:001,Sensor,/,,26.1,1592067670000,1592067670000
Sensor:001,Sensor,/,,17.0,1592067691000,1592067691000
Sensor:001,Sensor,/,,24.1,1592067712000,1592067712000
Sensor:001,Sensor,/,,28.7,1592067733000,1592067733000
Sensor:001,Sensor,/,,26.5,1592067754000,1592067754000
Sensor:001,Sensor,/,,16.1,1592067775000,1592067775000
Sensor:001,Sensor,/,,17.6,1592067796000,1592067796000
Sensor:001,Sensor,/,,25.8,1592067817000,1592067817000
Sensor:001,Sensor,/,,-0.0,1592067822000,1592067822000
Sensor:001,Sensor,/,,23.9,1592067838000,1592067838000
Sensor:001,Sensor,/,,18.9,1592067859000,1592067859000
Sensor:001,Sensor,/,,22.6,1592067880000,1592067880000
Sensor:001,Sensor,/,,19.5,1592067901000,1592067901000
Sensor:001,Sensor,/,,22.4,1592067922000,1592067922000
Sensor:001,Sensor,/,,23.4,1592067943000,1592067943000
Sensor:001,Sensor,/,,26.7,1592067964000,1592067964000
Sensor:001,Sensor,/,,22.7,1592067985000,1592067985000
Sensor:001,Sensor,/,,24.4,1592068006000,1592068006000
Sensor:001,Sensor,/,,24.5,1592068027000,1592068027000
Sensor:001,Sensor,/,,28.0,1592068048000,1592068048000
Sensor:001,Sensor,/,,18.0,1592068069000,1592068069000
Sensor:001,Sensor,/,,19.4,1592068090000,1592068090000
Sensor:001,Sensor,/,,26.8,1592068111000,1592068111000
Sensor:001,Sensor,/,,21.2,1592068132000,1592068132000
Sensor:001,Sensor,/,,19.1,1592068153000,1592068153000
Sensor:001,Sensor,/,,23.7,1592068175000,1592068175000
Sensor:001,Sensor,/,,18.0,1592068196000,1592068196000
Sensor:001,Sensor,/,,24.1,1592068217000,1592068217000
Sensor:001,Sensor,/,,25.4,1592068238000,1592068238000
Sensor:001,Sensor,/,,20.1,1592068259000,1592068259000
Sensor:001,Sensor,/,,22.0,1592068280000,1592068280000
Sensor:001,Sensor,/,,27.9,1592068301000,1592068301000
Sensor:001,Sensor,/,,17.2,1592068322000,1592068322000
Sensor:001,Sensor,/,,27.2,1592068343000,1592068343000
Sensor:001,Sensor,/,,15.7,1592068364000,1592068364000
Sensor:001,Sensor,/,,18.8,1592068385000,1592068385000
Sensor:001,Sensor,/,,15.9,1592068406000,1592068406000
Sensor:001,Sensor,/,,18.2,1592068427000,1592068427000
Sensor:001,Sensor,/,,17.4,1592068448000,1592068448000
Sensor:001,Sensor,/,,27.2,1592068469000,1592068469000
Sensor:001,Sensor,/,,29.4,1592068490000,1592068490000
Sensor:001,Sensor,/,,23.8,1592068511000,1592068511000
Sensor:001,Sensor,/,,22.2,1592068532000,1592068532000
Sensor:001,Sensor,/,,29.1,1592068553000,1592068553000
Sensor:001,Sensor,/,,19.9,1592068574000,1592068574000
Sensor:001,Sensor,/,,21.2,1592068595000,1592068595000
Sensor:001,Sensor,/,,15.2,1592068616000,1592068616000
Sensor:001,Sensor,/,,29.0,1592068637000,1592068637000
Sensor:001,Sensor,/,,29.4,1592068658000,1592068658000
Sensor:001,Sensor,/,,24.4,1592068679000,1592068679000
Sensor:001,Sensor,/,,29.5,1592068700000,1592068700000
Sensor:001,Sensor,/,,16.1,1592068721000,1592068721000
Sensor:001,Sensor,/,,24.3,1592068742000,1592068742000
Sensor:001,Sensor,/,,25.0,1592068763000,1592068763000
Sensor:001,Sensor,/,,27.5,1592068784000,1592068784000
Sensor:001,Sensor,/,,28.9,1592068805000,1592068805000
Sensor:001,Sensor,/,,29.8,1592068826000,1592068826000
Sensor:001,Sensor,/,,23.6,1592068847000,1592068847000
Sensor:001,Sensor,/,,17.5,1592068868000,1592068868000
Sensor:001,Sensor,/,,17.6,1592068889000,1592068889000
Sensor:001,Sensor,/,,20.8,1592068910000,1592068910000
Sensor:001,Sensor,/,,27.6,1592068931000,1592068931000
Sensor:001,Sensor,/,,28.0,1592068952000,1592068952000
Sensor:001,Sensor,/,,21.5,1592068973000,1592068973000
Sensor:001,Sensor,/,,29.8,1592068994000,1592068994000
Sensor:001,Sensor,/,,18.8,1592069015000,1592069015000
Sensor:001,Sensor,/,,27.5,1592069036000,1592069036000
Sensor:001,Sensor,/,,28.9,1592069057000,1592069057000
Sensor:001,Sensor,/,,29.1,1592069078000,1592069078000
Sensor:001,Sensor,/,,29.6,1592069099000,1592069099000
Sensor:001,Sensor,/,,24.7,1592069120000,1592069120000
Sensor:001,Sensor,/,,28.8,1592069141000,1592069141000
Sensor:001,Sensor,/,,15.4,1592069162000,1592069162000
Sensor:001,Sensor,/,,23.3,1592069183000,1592069183000
Sensor:001,Sensor,/,,16.8,1592069204000,1592069204000
Sensor:001,Sensor,/,,15.3,1592069225000,1592069225000
Sensor:001,Sensor,/,,19.0,1592069246000,1592069246000
Sensor:001,Sensor,/,,15.9,1592069267000,1592069267000
Sensor:001,Sensor,/,,28.7,1592069288000,1592069288000
Sensor:001,Sensor,/,,17.7,1592069309000,1592069309000
Sensor:001,Sensor,/,,16.9,1592069330000,1592069330000
Sensor:001,Sensor,/,,19.9,1592069351000,1592069351000
Sensor:001,Sensor,/,,21.4,1592069372000,1592069372000
Sensor:001,Sensor,/,,25.0,1592069393000,1592069393000
Sensor:001,Sensor,/,,16.5,1592069414000,1592069414000
Sensor:001,Sensor,/,,29.0,1592069435000,1592069435000
Sensor:001,Sensor,/,,29.9,1592069456000,1592069456000
Sensor:001,Sensor,/,,21.0,1592069477000,1592069477000
Sensor:001,Sensor,/,,20.1,1592069498000,1592069498000
Sensor:001,Sensor,/,,26.1,1592069519000,1592069519000
Sensor:001,Sensor,/,,24.0,1592069540000,1592069540000
Sensor:001,Sensor,/,,29.4,1592069561000,1592069561000
Sensor:001,Sensor,/,,16.7,1592069582000,1592069582000
Sensor:001,Sensor,/,,29.2,1592069603000,1592069603000
Sensor:001,Sensor,/,,23.8,1592069624000,1592069624000
Sensor:001,Sensor,/,,23.6,1592069646000,1592069646000
Sensor:001,Sensor,/,,18.2,1592069666000,1592069666000
Sensor:001,Sensor,/,,25.3,1592069688000,1592069688000
Sensor:001,Sensor,/,,25.6,1592069709000,1592069709000
Sensor:001,Sensor,/,,17.1,1592069730000,1592069730000
Sensor:001,Sensor,/,,17.5,1592069751000,1592069751000
Sensor:001,Sensor,/,,20.8,1592069772000,1592069772000
Sensor:001,Sensor,/,,26.6,1592069793000,1592069793000
Sensor:001,Sensor,/,,29.0,1592069814000,1592069814000
Sensor:001,Sensor,/,,21.1,1592069835000,1592069835000
Sensor:001,Sensor,/,,19.7,1592069856000,1592069856000
Sensor:001,Sensor,/,,26.0,1592069877000,1592069877000
Sensor:001,Sensor,/,,17.7,1592069898000,1592069898000
Sensor:001,Sensor,/,,23.0,1592069919000,1592069919000
Sensor:001,Sensor,/,,25.9,1592069940000,1592069940000
Sensor:001,Sensor,/,,29.5,1592069961000,1592069961000
Sensor:001,Sensor,/,,16.9,1592069982000,1592069982000
Sensor:001,Sensor,/,,19.5,1592070003000,1592070003000
Sensor:001,Sensor,/,,30.0,1592070024000,1592070024000
Sensor:001,Sensor,/,,29.6,1592070045000,1592070045000
Sensor:001,Sensor,/,,24.8,1592070066000,1592070066000
Sensor:001,Sensor,/,,24.5,1592070087000,1592070087000
Sensor:001,Sensor,/,,24.0,1592070108000,1592070108000
Sensor:001,Sensor,/,,19.0,1592070129000,1592070129000
Sensor:001,Sensor,/,,19.7,1592070150000,1592070150000
Sensor:001,Sensor,/,,23.0,1592070171000,1592070171000
Sensor:001,Sensor,/,,24.5,1592070192000,1592070192000
Sensor:001,Sensor,/,,24.5,1592070213000,1592070213000
Sensor:001,Sensor,/,,29.1,1592070234000,1592070234000
Sensor:001,Sensor,/,,22.2,1592070255000,1592070255000
Sensor:001,Sensor,/,,17.6,1592070276000,1592070276000
Sensor:001,Sensor,/,,27.6,1592070297000,1592070297000
Sensor:001,Sensor,/,,23.3,1592070318000,1592070318000
Sensor:001,Sensor,/,,27.1,1592070339000,1592070339000
Sensor:001,Sensor,/,,28.5,1592070360000,1592070360000
Sensor:001,Sensor,/,,21.6,1592070381000,1592070381000
Sensor:001,Sensor,/,,15.3,1592070402000,1592070402000
Sensor:001,Sensor,/,,26.5,1592070423000,1592070423000
Sensor:001,Sensor,/,,15.2,1592070444000,1592070444000
Sensor:001,Sensor,/,,23.2,1592070465000,1592070465000
Sensor:001,Sensor,/,,19.4,1592070486000,1592070486000
Sensor:001,Sensor,/,,24.9,1592070507000,1592070507000
Sensor:001,Sensor,/,,27.9,1592070528000,1592070528000
Sensor:001,Sensor,/,,22.4,1592070549000,1592070549000
Sensor:001,Sensor,/,,17.6,1592070570000,1592070570000
Sensor:001,Sensor,/,,29.1,1592070591000,1592070591000
Sensor:001,Sensor,/,,23.6,1592070612000,1592070612000
Sensor:001,Sensor,/,,17.1,1592070633000,1592070633000
Sensor:001,Sensor,/,,28.7,1592070654000,1592070654000
Sensor:001,Sensor,/,,22.7,1592070675000,1592070675000
Sensor:001,Sensor,/,,28.8,1592070696000,1592070696000
Sensor:001,Sensor,/,,25.8,1592070717000,1592070717000
Sensor:001,Sensor,/,,26.3,1592070738000,1592070738000
Sensor:001,Sensor,/,,24.1,1592070759000,1592070759000
Sensor:001,Sensor,/,,26.3,1592070780000,1592070780000
Sensor:001,Sensor,/,,22.1,1592070801000,1592070801000
Sensor:001,Sensor,/,,25.3,1592070822000,1592070822000
Sensor:001,Sensor,/,,28.7,1592070843000,1592070843000
Sensor:001,Sensor,/,,21.9,1592070864000,1592070864000
Sensor:001,Sensor,/,,28.7,1592070885000,1592070885000
Sensor:001,Sensor,/,,15.7,1592070906000,1592070906000
Sensor:001,Sensor,/,,19.5,1592070927000,1592070927000
Sensor:001,Sensor,/,,27.8,1592070948000,1592070948000
Sensor:001,Sensor,/,,17.1,1592070969000,1592070969000
Sensor:001,Sensor,/,,24.1,1592070990000,1592070990000
Sensor:001,Sensor,/,,20.7,1592071011000,1592071011000
Sensor:001,Sensor,/,,25.7,1592071032000,1592071032000
Sensor:001,Sensor,/,,27.4,1592071053000,1592071053000
Sensor:001,Sensor,/,,25.2,1592071074000,1592071074000
Sensor:001,Sensor,/,,26.0,1592071095000,1592071095000
Sensor:001,Sensor,/,,17.4,1592071116000,1592071116000
Sensor:001,Sensor,/,,19.7,1592071137000,1592071137000
Sensor:001,Sensor,/,,28.1,1592071158000,1592071158000
Sensor:001,Sensor,/,,26.7,1592071179000,1592071179000
Sensor:001,Sensor,/,,16.1,1592071201000,1592071201000
Sensor:001,Sensor,/,,21.7,1592071221000,1592071221000
Sensor:001,Sensor,/,,22.8,1592071242000,1592071242000
Sensor:001,Sensor,/,,17.4,1592071264000,1592071264000
Sensor:001,Sensor,/,,18.3,1592071285000,1592071285000
Sensor:001,Sensor,/,,19.2,1592071306000,1592071306000
Sensor:001,Sensor,/,,17.7,1592071327000,1592071327000
Sensor:001,Sensor,/,,20.6,1592071348000,1592071348000
Sensor:001,Sensor,/,,19.5,1592071369000,1592071369000
Sensor:001,Sensor,/,,27.0,1592071390000,1592071390000
Sensor:001,Sensor,/,,28.9,1592071411000,1592071411000
Sensor:001,Sensor,/,,23.2,1592071432000,1592071432000
Sensor:001,Sensor,/,,27.0,1592071453000,1592071453000
Sensor:001,Sensor,/,,18.8,1592071474000,1592071474000
Sensor:001,Sensor,/,,29.2,1592071495000,1592071495000
Sensor:001,Sensor,/,,16.1,1592071516000,1592071516000
Sensor:001,Sensor,/,,21.1,1592071537000,1592071537000
Sensor:001,Sensor,/,,29.1,1592071558000,1592071558000
Sensor:001,Sensor,/,,25.8,1592071579000,1592071579000
Sensor:001,Sensor,/,,23.9,1592071600000,1592071600000
Sensor:001,Sensor,/,,25.9,1592071621000,1592071621000
Sensor:001,Sensor,/,,16.0,1592071642000,1592071642000
Sensor:001,Sensor,/,,22.0,1592071663000,1592071663000
Sensor:001,Sensor,/,,28.0,1592071684000,1592071684000
Sensor:001,Sensor,/,,17.5,1592071705000,1592071705000
Sensor:001,Sensor,/,,24.9,1592071726000,1592071726000
Sensor:001,Sensor,/,,27.3,1592071747000,1592071747000
Sensor:001,Sensor,/,,18.6,1592071768000,1592071768000
Sensor:001,Sensor,/,,27.9,1592071789000,1592071789000
Sensor:001,Sensor,/,,16.4,1592071810000,1592071810000
Sensor:001,Sensor,/,,25.3,1592071831000,1592071831000
Sensor:001,Sensor,/,,21.9,1592071852000,1592071852000
Sensor:001,Sensor,/,,15.5,1592071873000,1592071873000
Sensor:001,Sensor,/,,19.0,1592071894000,1592071894000
Sensor:001,Sensor,/,,16.4,1592071915000,1592071915000
Sensor:001,Sensor,/,,16.0,1592071936000,1592071936000
Sensor:001,Sensor,/,,15.0,1592071957000,1592071957000
Sensor:001,Sensor,/,,17.3,1592071978000,1592071978000
Sensor:001,Sensor,/,,21.6,1592071999000,1592071999000
Sensor:001,Sensor,/,,23.5,1592072020000,1592072020000
Sensor:001,Sensor,/,,25.5,1592072041000,1592072041000
Sensor:001,Sensor,/,,24.8,1592072062000,1592072062000
Sensor:001,Sensor,/,,25.8,1592072083000,1592072083000
Sensor:001,Sensor,/,,18.8,1592072104000,1592072104000
Sensor:001,Sensor,/,,20.8,1592072125000,1592072125000
Sensor:001,Sensor,/,,26.7,1592072146000,1592072146000
Sensor:001,Sensor,/,,25.6,1592072167000,1592072167000
Sensor:001,Sensor,/,,16.7,1592072188000,1592072188000
Sensor:001,Sensor,/,,20.8,1592072209000,1592072209000
Sensor:001,Sensor,/,,21.3,1592072230000,1592072230000
Sensor:001,Sensor,/,,17.5,1592072251000,1592072251000
Sensor:001,Sensor,/,,27.6,1592072272000,1592072272000
Sensor:001,Sensor,/,,25.6,1592072293000,1592072293000
Sensor:001,Sensor,/,,16.7,1592072314000,1592072314000
Sensor:001,Sensor,/,,29.1,1592072335000,1592072335000
Sensor:001,Sensor,/,,21.9,1592072356000,1592072356000
Sensor:001,Sensor,/,,29.3,1592072377000,1592072377000
Sensor:001,Sensor,/,,24.0,1592072398000,1592072398000
Sensor:001,Sensor,/,,22.1,1592072419000,1592072419000
Sensor:001,Sensor,/,,0.0,1592072428000,1592072428000
Sensor:001,Sensor,/,,29.6,1592072440000,1592072440000
Sensor:001,Sensor,/,,15.4,1592072461000,1592072461000
Sensor:001,Sensor,/,,23.6,1592072482000,1592072482000
Sensor:001,Sensor,/,,18.7,1592072503000,1592072503000
Sensor:001,Sensor,/,,17.3,1592072524000,1592072524000
Sensor:001,Sensor,/,,17.1,1592072545000,1592072545000
Sensor:001,Sensor,/,,15.2,1592072566000,1592072566000
Sensor:001,Sensor,/,,21.5,1592072587000,1592072587000
Sensor:001,Sensor,/,,17.0,1592072608000,1592072608000
Sensor:001,Sensor,/,,18.6,1592072629000,1592072629000
Sensor:001,Sensor,/,,20.3,1592072650000,1592072650000
Sensor:001,Sensor,/,,15.6,1592072671000,1592072671000
Sensor:001,Sensor,/,,27.3,1592072692000,1592072692000
Sensor:001,Sensor,/,,26.4,1592072713000,1592072713000
Sensor:001,Sensor,/,,22.1,1592072734000,1592072734000
Sensor:001,Sensor,/,,23.1,1592072756000,1592072756000
Sensor:001,Sensor,/,,28.4,1592072777000,1592072777000
Sensor:001,Sensor,/,,30.0,1592072798000,1592072798000
Sensor:001,Sensor,/,,28.0,1592072819000,1592072819000
Sensor:001,Sensor,/,,19.1,1592072840000,1592072840000
Sensor:001,Sensor,/,,28.2,1592072861000,1592072861000
Sensor:001,Sensor,/,,20.7,1592072882000,1592072882000
Sensor:001,Sensor,/,,23.8,1592072903000,1592072903000
Sensor:001,Sensor,/,,27.9,1592072924000,1592072924000
Sensor:001,Sensor,/,,23.2,1592072945000,1592072945000
Sensor:001,Sensor,/,,17.9,1592072966000,1592072966000
Sensor:001,Sensor,/,,23.6,1592072987000,1592072987000
Sensor:001,Sensor,/,,18.8,1592073008000,1592073008000
Sensor:001,Sensor,/,,20.8,1592073029000,1592073029000
Sensor:001,Sensor,/,,23.1,1592073050000,1592073050000
Sensor:001,Sensor,/,,24.9,1592073071000,1592073071000
Sensor:001,Sensor,/,,18.1,1592073092000,1592073092000
Sensor:001,Sensor,/,,18.2,1592073113000,1592073113000
Sensor:001,Sensor,/,,22.4,1592073134000,1592073134000
Sensor:001,Sensor,/,,24.0,1592073155000,1592073155000
Sensor:001,Sensor,/,,25.1,1592073176000,1592073176000
Sensor:001,Sensor,/,,15.9,1592073197000,1592073197000
Sensor:001,Sensor,/,,22.3,1592073218000,1592073218000
Sensor:001,Sensor,/,,15.4,1592073239000,1592073239000
Sensor:001,Sensor,/,,27.6,1592073260000,1592073260000
Sensor:001,Sensor,/,,21.7,1592073281000,1592073281000
Sensor:001,Sensor,/,,27.2,1592073302000,1592073302000
Sensor:001,Sensor,/,,17.0,1592073323000,1592073323000
Sensor:001,Sensor,/,,28.3,1592073344000,1592073344000
Sensor:001,Sensor,/,,28.5,1592073365000,1592073365000
Sensor:001,Sensor,/,,15.2,1592073386000,1592073386000
Sensor:001,Sensor,/,,28.1,1592073407000,1592073407000
Sensor:001,Sensor,/,,28.6,1592073428000,1592073428000
Sensor:001,Sensor,/,,15.4,1592073449000,1592073449000
Sensor:001,Sensor,/,,15.0,1592073470000,1592073470000
Sensor:001,Sensor,/,,17.3,1592073491000,1592073491000
Sensor:001,Sensor,/,,27.1,1592073512000,1592073512000
Sensor:001,Sensor,/,,29.4,1592073533000,1592073533000
Sensor:001,Sensor,/,,28.7,1592073554000,1592073554000
Sensor:001,Sensor,/,,17.4,1592073575000,1592073575000
Sensor:001,Sensor,/,,16.4,1592073596000,1592073596000
Sensor:001,Sensor,/,,27.2,1592073617000,1592073617000
Sensor:001,Sensor,/,,18.9,1592073638000,1592073638000
Sensor:001,Sensor,/,,25.4,1592073659000,1592073659000
Sensor:001,Sensor,/,,23.4,1592073680000,1592073680000
Sensor:001,Sensor,/,,18.9,1592073701000,1592073701000
Sensor:001,Sensor,/,,26.9,1592073722000,1592073722000
Sensor:001,Sensor,/,,27.2,1592073743000,1592073743000
Sensor:001,Sensor,/,,15.9,1592073764000,1592073764000
Sensor:001,Sensor,/,,17.2,1592073785000,1592073785000
Sensor:001,Sensor,/,,29.6,1592073806000,1592073806000
Sensor:001,Sensor,/,,25.3,1592073827000,1592073827000
Sensor:001,Sensor,/,,23.8,1592073848000,1592073848000
Sensor:001,Sensor,/,,26.6,1592073869000,1592073869000
Sensor:001,Sensor,/,,21.4,1592073890000,1592073890000
Sensor:001,Sensor,/,,22.4,1592073911000,1592073911000
Sensor:001,Sensor,/,,22.4,1592073932000,1592073932000
Sensor:001,Sensor,/,,28.6,1592073953000,1592073953000
Sensor:001,Sensor,/,,27.9,1592073974000,1592073974000
Sensor:001,Sensor,/,,20.0,1592073995000,1592073995000
Sensor:001,Sensor,/,,22.7,1592074016000,1592074016000
Sensor:001,Sensor,/,,19.4,1592074037000,1592074037000
Sensor:001,Sensor,/,,29.7,1592074058000,1592074058000
Sensor:001,Sensor,/,,17.4,1592074079000,1592074079000
Sensor:001,Sensor,/,,15.6,1592074100000,1592074100000
Sensor:001,Sensor,/,,20.3,1592074121000,1592074121000
Sensor:001,Sensor,/,,24.6,1592074142000,1592074142000
Sensor:001,Sensor,/,,22.9,1592074163000,1592074163000
Sensor:001,Sensor,/,,23.9,1592074184000,1592074184000
Sensor:001,Sensor,/,,29.6,1592074205000,1592074205000
Sensor:001,Sensor,/,,17.3,1592074226000,1592074226000
Sensor:001,Sensor,/,,27.6,1592074247000,1592074247000
Sensor:001,Sensor,/,,28.9,1592074268000,1592074268000
Sensor:001,Sensor,/,,16.3,1592074289000,1592074289000
Sensor:001,Sensor,/,,28.9,1592074311000,1592074311000
Sensor:001,Sensor,/,,26.6,1592074332000,1592074332000
Sensor:001,Sensor,/,,24.7,1592074353000,1592074353000
Sensor:001,Sensor,/,,26.4,1592074374000,1592074374000
Sensor:001,Sensor,/,,25.0,1592074395000,1592074395000
Sensor:001,Sensor,/,,18.0,1592074416000,1592074416000
Sensor:001,Sensor,/,,19.4,1592074437000,1592074437000
Sensor:001,Sensor,/,,24.4,1592074458000,1592074458000
Sensor:001,Sensor,/,,23.9,1592074479000,1592074479000
Sensor:001,Sensor,/,,15.8,1592074500000,1592074500000
Sensor:001,Sensor,/,,17.5,1592074521000,1592074521000
Sensor:001,Sensor,/,,28.5,1592074542000,1592074542000
Sensor:001,Sensor,/,,16.0,1592074563000,1592074563000
Sensor:001,Sensor,/,,28.6,1592074584000,1592074584000
Sensor:001,Sensor,/,,24.2,1592074605000,1592074605000
Sensor:001,Sensor,/,,21.4,1592074626000,1592074626000
Sensor:001,Sensor,/,,20.1,1592074647000,1592074647000
Sensor:001,Sensor,/,,22.0,1592074668000,1592074668000
Sensor:001,Sensor,/,,20.5,1592074689000,1592074689000
Sensor:001,Sensor,/,,17.1,1592074710000,1592074710000
Sensor:001,Sensor,/,,24.8,1592074731000,1592074731000
Sensor:001,Sensor,/,,15.5,1592074752000,1592074752000
Sensor:001,Sensor,/,,29.5,1592074773000,1592074773000
Sensor:001,Sensor,/,,24.0,1592560319000,1592560319000
Sensor:001,Sensor,/,,24.0,1592560320000,1592560320000
Sensor:001,Sensor,/,,20.0,1592560341000,1592560341000
Sensor:001,Sensor,/,,28.5,1592560362000,1592560362000
Sensor:001,Sensor,/,,30.0,1592560383000,1592560383000
Sensor:001,Sensor,/,,24.3,1592560404000,1592560404000
